"","slim_term","slim_cat","category","over_represented_pvalue","under_represented_pvalue","numDEInCat","numInCat","term","ontology","gene_id","bh_adjust","type"
"1","response to stress","GO:0006950","GO:0001666",0.0309,0.9932696,4,134,"response to hypoxia","BP","Pver_g264",0.0428635612612613,"DEG.GO.terms"
"2","response to stress","GO:0006950","GO:0001666",0.0309,0.9932696,4,134,"response to hypoxia","BP","Pver_g407",0.0428635612612613,"DEG.GO.terms"
"3","response to stress","GO:0006950","GO:0001666",0.0309,0.9932696,4,134,"response to hypoxia","BP","Pver_g456",0.0428635612612613,"DEG.GO.terms"
"4","response to stress","GO:0006950","GO:0001666",0.0309,0.9932696,4,134,"response to hypoxia","BP","Pver_g478",0.0428635612612613,"DEG.GO.terms"
"5","response to stress","GO:0006950","GO:0001666",0.0309,0.9932696,4,134,"response to hypoxia","BP","Pver_g542",0.0428635612612613,"DEG.GO.terms"
"6","response to stress","GO:0006950","GO:0001666",0.0309,0.9932696,4,134,"response to hypoxia","BP","Pver_g549",0.0428635612612613,"DEG.GO.terms"
"7","response to stress","GO:0006950","GO:0001666",0.0309,0.9932696,4,134,"response to hypoxia","BP","Pver_g1260",0.0428635612612613,"DEG.GO.terms"
"8","response to stress","GO:0006950","GO:0001666",0.0309,0.9932696,4,134,"response to hypoxia","BP","Pver_g1261",0.0428635612612613,"DEG.GO.terms"
"9","response to stress","GO:0006950","GO:0001666",0.0309,0.9932696,4,134,"response to hypoxia","BP","Pver_g1296",0.0428635612612613,"DEG.GO.terms"
"10","response to stress","GO:0006950","GO:0001666",0.0309,0.9932696,4,134,"response to hypoxia","BP","Pver_g1316",0.0428635612612613,"DEG.GO.terms"
"11","response to stress","GO:0006950","GO:0001666",0.0309,0.9932696,4,134,"response to hypoxia","BP","Pver_g1361",0.0428635612612613,"DEG.GO.terms"
"12","response to stress","GO:0006950","GO:0001666",0.0309,0.9932696,4,134,"response to hypoxia","BP","Pver_g1539",0.0428635612612613,"DEG.GO.terms"
"13","response to stress","GO:0006950","GO:0001666",0.0309,0.9932696,4,134,"response to hypoxia","BP","Pver_g1805",0.0428635612612613,"DEG.GO.terms"
"14","response to stress","GO:0006950","GO:0001666",0.0309,0.9932696,4,134,"response to hypoxia","BP","Pver_g2105",0.0428635612612613,"DEG.GO.terms"
"15","response to stress","GO:0006950","GO:0001666",0.0309,0.9932696,4,134,"response to hypoxia","BP","Pver_g2997",0.0428635612612613,"DEG.GO.terms"
"16","response to stress","GO:0006950","GO:0001666",0.0309,0.9932696,4,134,"response to hypoxia","BP","Pver_g3275",0.0428635612612613,"DEG.GO.terms"
"17","response to stress","GO:0006950","GO:0001666",0.0309,0.9932696,4,134,"response to hypoxia","BP","Pver_g3642",0.0428635612612613,"DEG.GO.terms"
"18","response to stress","GO:0006950","GO:0001666",0.0309,0.9932696,4,134,"response to hypoxia","BP","Pver_g3645",0.0428635612612613,"DEG.GO.terms"
"19","response to stress","GO:0006950","GO:0001666",0.0309,0.9932696,4,134,"response to hypoxia","BP","Pver_g4307",0.0428635612612613,"DEG.GO.terms"
"20","response to stress","GO:0006950","GO:0001666",0.0309,0.9932696,4,134,"response to hypoxia","BP","Pver_g4388",0.0428635612612613,"DEG.GO.terms"
"21","response to stress","GO:0006950","GO:0001666",0.0309,0.9932696,4,134,"response to hypoxia","BP","Pver_g4418",0.0428635612612613,"DEG.GO.terms"
"22","response to stress","GO:0006950","GO:0001666",0.0309,0.9932696,4,134,"response to hypoxia","BP","Pver_g4761",0.0428635612612613,"DEG.GO.terms"
"23","response to stress","GO:0006950","GO:0001666",0.0309,0.9932696,4,134,"response to hypoxia","BP","Pver_g4762",0.0428635612612613,"DEG.GO.terms"
"24","response to stress","GO:0006950","GO:0001666",0.0309,0.9932696,4,134,"response to hypoxia","BP","Pver_g5059",0.0428635612612613,"DEG.GO.terms"
"25","response to stress","GO:0006950","GO:0001666",0.0309,0.9932696,4,134,"response to hypoxia","BP","Pver_g5108",0.0428635612612613,"DEG.GO.terms"
"26","response to stress","GO:0006950","GO:0001666",0.0309,0.9932696,4,134,"response to hypoxia","BP","Pver_g5109",0.0428635612612613,"DEG.GO.terms"
"27","response to stress","GO:0006950","GO:0001666",0.0309,0.9932696,4,134,"response to hypoxia","BP","Pver_g5267",0.0428635612612613,"DEG.GO.terms"
"28","response to stress","GO:0006950","GO:0001666",0.0309,0.9932696,4,134,"response to hypoxia","BP","Pver_g5292",0.0428635612612613,"DEG.GO.terms"
"29","response to stress","GO:0006950","GO:0001666",0.0309,0.9932696,4,134,"response to hypoxia","BP","Pver_g5487",0.0428635612612613,"DEG.GO.terms"
"30","response to stress","GO:0006950","GO:0001666",0.0309,0.9932696,4,134,"response to hypoxia","BP","Pver_g5697",0.0428635612612613,"DEG.GO.terms"
"31","response to stress","GO:0006950","GO:0001666",0.0309,0.9932696,4,134,"response to hypoxia","BP","Pver_g5826",0.0428635612612613,"DEG.GO.terms"
"32","response to stress","GO:0006950","GO:0001666",0.0309,0.9932696,4,134,"response to hypoxia","BP","Pver_g6426",0.0428635612612613,"DEG.GO.terms"
"33","response to stress","GO:0006950","GO:0001666",0.0309,0.9932696,4,134,"response to hypoxia","BP","Pver_g6433",0.0428635612612613,"DEG.GO.terms"
"34","response to stress","GO:0006950","GO:0001666",0.0309,0.9932696,4,134,"response to hypoxia","BP","Pver_g6651",0.0428635612612613,"DEG.GO.terms"
"35","response to stress","GO:0006950","GO:0001666",0.0309,0.9932696,4,134,"response to hypoxia","BP","Pver_g7074",0.0428635612612613,"DEG.GO.terms"
"36","response to stress","GO:0006950","GO:0001666",0.0309,0.9932696,4,134,"response to hypoxia","BP","Pver_g7253",0.0428635612612613,"DEG.GO.terms"
"37","response to stress","GO:0006950","GO:0001666",0.0309,0.9932696,4,134,"response to hypoxia","BP","Pver_g7339",0.0428635612612613,"DEG.GO.terms"
"38","response to stress","GO:0006950","GO:0001666",0.0309,0.9932696,4,134,"response to hypoxia","BP","Pver_g7385",0.0428635612612613,"DEG.GO.terms"
"39","response to stress","GO:0006950","GO:0001666",0.0309,0.9932696,4,134,"response to hypoxia","BP","Pver_g7418",0.0428635612612613,"DEG.GO.terms"
"40","response to stress","GO:0006950","GO:0001666",0.0309,0.9932696,4,134,"response to hypoxia","BP","Pver_g7423",0.0428635612612613,"DEG.GO.terms"
"41","response to stress","GO:0006950","GO:0001666",0.0309,0.9932696,4,134,"response to hypoxia","BP","Pver_g7429",0.0428635612612613,"DEG.GO.terms"
"42","response to stress","GO:0006950","GO:0001666",0.0309,0.9932696,4,134,"response to hypoxia","BP","Pver_g7679",0.0428635612612613,"DEG.GO.terms"
"43","response to stress","GO:0006950","GO:0001666",0.0309,0.9932696,4,134,"response to hypoxia","BP","Pver_g7680",0.0428635612612613,"DEG.GO.terms"
"44","response to stress","GO:0006950","GO:0001666",0.0309,0.9932696,4,134,"response to hypoxia","BP","Pver_g7950",0.0428635612612613,"DEG.GO.terms"
"45","response to stress","GO:0006950","GO:0001666",0.0309,0.9932696,4,134,"response to hypoxia","BP","Pver_g8165",0.0428635612612613,"DEG.GO.terms"
"46","response to stress","GO:0006950","GO:0001666",0.0309,0.9932696,4,134,"response to hypoxia","BP","Pver_g8543",0.0428635612612613,"DEG.GO.terms"
"47","response to stress","GO:0006950","GO:0001666",0.0309,0.9932696,4,134,"response to hypoxia","BP","Pver_g8799",0.0428635612612613,"DEG.GO.terms"
"48","response to stress","GO:0006950","GO:0001666",0.0309,0.9932696,4,134,"response to hypoxia","BP","Pver_g8893",0.0428635612612613,"DEG.GO.terms"
"49","response to stress","GO:0006950","GO:0001666",0.0309,0.9932696,4,134,"response to hypoxia","BP","Pver_g8935",0.0428635612612613,"DEG.GO.terms"
"50","response to stress","GO:0006950","GO:0001666",0.0309,0.9932696,4,134,"response to hypoxia","BP","Pver_g8977",0.0428635612612613,"DEG.GO.terms"
"51","response to stress","GO:0006950","GO:0001666",0.0309,0.9932696,4,134,"response to hypoxia","BP","Pver_g9017",0.0428635612612613,"DEG.GO.terms"
"52","response to stress","GO:0006950","GO:0001666",0.0309,0.9932696,4,134,"response to hypoxia","BP","Pver_g9343",0.0428635612612613,"DEG.GO.terms"
"53","response to stress","GO:0006950","GO:0001666",0.0309,0.9932696,4,134,"response to hypoxia","BP","Pver_g9567",0.0428635612612613,"DEG.GO.terms"
"54","response to stress","GO:0006950","GO:0001666",0.0309,0.9932696,4,134,"response to hypoxia","BP","Pver_g9964",0.0428635612612613,"DEG.GO.terms"
"55","response to stress","GO:0006950","GO:0001666",0.0309,0.9932696,4,134,"response to hypoxia","BP","Pver_g10059",0.0428635612612613,"DEG.GO.terms"
"56","response to stress","GO:0006950","GO:0001666",0.0309,0.9932696,4,134,"response to hypoxia","BP","Pver_g10198",0.0428635612612613,"DEG.GO.terms"
"57","response to stress","GO:0006950","GO:0001666",0.0309,0.9932696,4,134,"response to hypoxia","BP","Pver_g10340",0.0428635612612613,"DEG.GO.terms"
"58","response to stress","GO:0006950","GO:0001666",0.0309,0.9932696,4,134,"response to hypoxia","BP","Pver_g10341",0.0428635612612613,"DEG.GO.terms"
"59","response to stress","GO:0006950","GO:0001666",0.0309,0.9932696,4,134,"response to hypoxia","BP","Pver_g10342",0.0428635612612613,"DEG.GO.terms"
"60","response to stress","GO:0006950","GO:0001666",0.0309,0.9932696,4,134,"response to hypoxia","BP","Pver_g10343",0.0428635612612613,"DEG.GO.terms"
"61","response to stress","GO:0006950","GO:0001666",0.0309,0.9932696,4,134,"response to hypoxia","BP","Pver_g10344",0.0428635612612613,"DEG.GO.terms"
"62","response to stress","GO:0006950","GO:0001666",0.0309,0.9932696,4,134,"response to hypoxia","BP","Pver_g10345",0.0428635612612613,"DEG.GO.terms"
"63","response to stress","GO:0006950","GO:0001666",0.0309,0.9932696,4,134,"response to hypoxia","BP","Pver_g10551",0.0428635612612613,"DEG.GO.terms"
"64","response to stress","GO:0006950","GO:0001666",0.0309,0.9932696,4,134,"response to hypoxia","BP","Pver_g10552",0.0428635612612613,"DEG.GO.terms"
"65","response to stress","GO:0006950","GO:0001666",0.0309,0.9932696,4,134,"response to hypoxia","BP","Pver_g10620",0.0428635612612613,"DEG.GO.terms"
"66","response to stress","GO:0006950","GO:0001666",0.0309,0.9932696,4,134,"response to hypoxia","BP","Pver_g10623",0.0428635612612613,"DEG.GO.terms"
"67","response to stress","GO:0006950","GO:0001666",0.0309,0.9932696,4,134,"response to hypoxia","BP","Pver_g10696",0.0428635612612613,"DEG.GO.terms"
"68","response to stress","GO:0006950","GO:0001666",0.0309,0.9932696,4,134,"response to hypoxia","BP","Pver_g10867",0.0428635612612613,"DEG.GO.terms"
"69","response to stress","GO:0006950","GO:0001666",0.0309,0.9932696,4,134,"response to hypoxia","BP","Pver_g11274",0.0428635612612613,"DEG.GO.terms"
"70","response to stress","GO:0006950","GO:0001666",0.0309,0.9932696,4,134,"response to hypoxia","BP","Pver_g11524",0.0428635612612613,"DEG.GO.terms"
"71","response to stress","GO:0006950","GO:0001666",0.0309,0.9932696,4,134,"response to hypoxia","BP","Pver_g11528",0.0428635612612613,"DEG.GO.terms"
"72","response to stress","GO:0006950","GO:0001666",0.0309,0.9932696,4,134,"response to hypoxia","BP","Pver_g11598",0.0428635612612613,"DEG.GO.terms"
"73","response to stress","GO:0006950","GO:0001666",0.0309,0.9932696,4,134,"response to hypoxia","BP","Pver_g11606",0.0428635612612613,"DEG.GO.terms"
"74","response to stress","GO:0006950","GO:0001666",0.0309,0.9932696,4,134,"response to hypoxia","BP","Pver_g11896",0.0428635612612613,"DEG.GO.terms"
"75","response to stress","GO:0006950","GO:0001666",0.0309,0.9932696,4,134,"response to hypoxia","BP","Pver_g11931",0.0428635612612613,"DEG.GO.terms"
"76","response to stress","GO:0006950","GO:0001666",0.0309,0.9932696,4,134,"response to hypoxia","BP","Pver_g12393",0.0428635612612613,"DEG.GO.terms"
"77","response to stress","GO:0006950","GO:0001666",0.0309,0.9932696,4,134,"response to hypoxia","BP","Pver_g12425",0.0428635612612613,"DEG.GO.terms"
"78","response to stress","GO:0006950","GO:0001666",0.0309,0.9932696,4,134,"response to hypoxia","BP","Pver_g12509",0.0428635612612613,"DEG.GO.terms"
"79","response to stress","GO:0006950","GO:0001666",0.0309,0.9932696,4,134,"response to hypoxia","BP","Pver_g12517",0.0428635612612613,"DEG.GO.terms"
"80","response to stress","GO:0006950","GO:0001666",0.0309,0.9932696,4,134,"response to hypoxia","BP","Pver_g12560",0.0428635612612613,"DEG.GO.terms"
"81","response to stress","GO:0006950","GO:0001666",0.0309,0.9932696,4,134,"response to hypoxia","BP","Pver_g12840",0.0428635612612613,"DEG.GO.terms"
"82","response to stress","GO:0006950","GO:0001666",0.0309,0.9932696,4,134,"response to hypoxia","BP","Pver_g12985",0.0428635612612613,"DEG.GO.terms"
"83","response to stress","GO:0006950","GO:0001666",0.0309,0.9932696,4,134,"response to hypoxia","BP","Pver_g13021",0.0428635612612613,"DEG.GO.terms"
"84","response to stress","GO:0006950","GO:0001666",0.0309,0.9932696,4,134,"response to hypoxia","BP","Pver_g13135",0.0428635612612613,"DEG.GO.terms"
"85","response to stress","GO:0006950","GO:0001666",0.0309,0.9932696,4,134,"response to hypoxia","BP","Pver_g13173",0.0428635612612613,"DEG.GO.terms"
"86","response to stress","GO:0006950","GO:0001666",0.0309,0.9932696,4,134,"response to hypoxia","BP","Pver_g13365",0.0428635612612613,"DEG.GO.terms"
"87","response to stress","GO:0006950","GO:0001666",0.0309,0.9932696,4,134,"response to hypoxia","BP","Pver_g13394",0.0428635612612613,"DEG.GO.terms"
"88","response to stress","GO:0006950","GO:0001666",0.0309,0.9932696,4,134,"response to hypoxia","BP","Pver_g13773",0.0428635612612613,"DEG.GO.terms"
"89","response to stress","GO:0006950","GO:0001666",0.0309,0.9932696,4,134,"response to hypoxia","BP","Pver_g13816",0.0428635612612613,"DEG.GO.terms"
"90","response to stress","GO:0006950","GO:0001666",0.0309,0.9932696,4,134,"response to hypoxia","BP","Pver_g13929",0.0428635612612613,"DEG.GO.terms"
"91","response to stress","GO:0006950","GO:0001666",0.0309,0.9932696,4,134,"response to hypoxia","BP","Pver_g14414",0.0428635612612613,"DEG.GO.terms"
"92","response to stress","GO:0006950","GO:0001666",0.0309,0.9932696,4,134,"response to hypoxia","BP","Pver_g14732",0.0428635612612613,"DEG.GO.terms"
"93","response to stress","GO:0006950","GO:0001666",0.0309,0.9932696,4,134,"response to hypoxia","BP","Pver_g14785",0.0428635612612613,"DEG.GO.terms"
"94","response to stress","GO:0006950","GO:0001666",0.0309,0.9932696,4,134,"response to hypoxia","BP","Pver_g14863",0.0428635612612613,"DEG.GO.terms"
"95","response to stress","GO:0006950","GO:0001666",0.0309,0.9932696,4,134,"response to hypoxia","BP","Pver_g14942",0.0428635612612613,"DEG.GO.terms"
"96","response to stress","GO:0006950","GO:0001666",0.0309,0.9932696,4,134,"response to hypoxia","BP","Pver_g14977",0.0428635612612613,"DEG.GO.terms"
"97","response to stress","GO:0006950","GO:0001666",0.0309,0.9932696,4,134,"response to hypoxia","BP","Pver_g15290",0.0428635612612613,"DEG.GO.terms"
"98","response to stress","GO:0006950","GO:0001666",0.0309,0.9932696,4,134,"response to hypoxia","BP","Pver_g15326",0.0428635612612613,"DEG.GO.terms"
"99","response to stress","GO:0006950","GO:0001666",0.0309,0.9932696,4,134,"response to hypoxia","BP","Pver_g15389",0.0428635612612613,"DEG.GO.terms"
"100","response to stress","GO:0006950","GO:0001666",0.0309,0.9932696,4,134,"response to hypoxia","BP","Pver_g15655",0.0428635612612613,"DEG.GO.terms"
"101","response to stress","GO:0006950","GO:0001666",0.0309,0.9932696,4,134,"response to hypoxia","BP","Pver_g15804",0.0428635612612613,"DEG.GO.terms"
"102","response to stress","GO:0006950","GO:0001666",0.0309,0.9932696,4,134,"response to hypoxia","BP","Pver_g16045",0.0428635612612613,"DEG.GO.terms"
"103","response to stress","GO:0006950","GO:0001666",0.0309,0.9932696,4,134,"response to hypoxia","BP","Pver_g16046",0.0428635612612613,"DEG.GO.terms"
"104","response to stress","GO:0006950","GO:0001666",0.0309,0.9932696,4,134,"response to hypoxia","BP","Pver_g16315",0.0428635612612613,"DEG.GO.terms"
"105","response to stress","GO:0006950","GO:0001666",0.0309,0.9932696,4,134,"response to hypoxia","BP","Pver_g16818",0.0428635612612613,"DEG.GO.terms"
"106","response to stress","GO:0006950","GO:0001666",0.0309,0.9932696,4,134,"response to hypoxia","BP","Pver_g17177",0.0428635612612613,"DEG.GO.terms"
"107","response to stress","GO:0006950","GO:0001666",0.0309,0.9932696,4,134,"response to hypoxia","BP","Pver_g17636",0.0428635612612613,"DEG.GO.terms"
"108","response to stress","GO:0006950","GO:0001666",0.0309,0.9932696,4,134,"response to hypoxia","BP","Pver_g17637",0.0428635612612613,"DEG.GO.terms"
"109","response to stress","GO:0006950","GO:0001666",0.0309,0.9932696,4,134,"response to hypoxia","BP","Pver_g17800",0.0428635612612613,"DEG.GO.terms"
"110","response to stress","GO:0006950","GO:0001666",0.0309,0.9932696,4,134,"response to hypoxia","BP","Pver_g17802",0.0428635612612613,"DEG.GO.terms"
"111","response to stress","GO:0006950","GO:0001666",0.0309,0.9932696,4,134,"response to hypoxia","BP","Pver_g17826",0.0428635612612613,"DEG.GO.terms"
"112","response to stress","GO:0006950","GO:0001666",0.0309,0.9932696,4,134,"response to hypoxia","BP","Pver_g18031",0.0428635612612613,"DEG.GO.terms"
"113","response to stress","GO:0006950","GO:0001666",0.0309,0.9932696,4,134,"response to hypoxia","BP","Pver_g18149",0.0428635612612613,"DEG.GO.terms"
"114","response to stress","GO:0006950","GO:0001666",0.0309,0.9932696,4,134,"response to hypoxia","BP","Pver_g18155",0.0428635612612613,"DEG.GO.terms"
"115","response to stress","GO:0006950","GO:0001666",0.0309,0.9932696,4,134,"response to hypoxia","BP","Pver_g18857",0.0428635612612613,"DEG.GO.terms"
"116","response to stress","GO:0006950","GO:0001666",0.0309,0.9932696,4,134,"response to hypoxia","BP","Pver_g19066",0.0428635612612613,"DEG.GO.terms"
"117","response to stress","GO:0006950","GO:0001666",0.0309,0.9932696,4,134,"response to hypoxia","BP","Pver_g19246",0.0428635612612613,"DEG.GO.terms"
"118","response to stress","GO:0006950","GO:0001666",0.0309,0.9932696,4,134,"response to hypoxia","BP","Pver_g19389",0.0428635612612613,"DEG.GO.terms"
"119","response to stress","GO:0006950","GO:0001666",0.0309,0.9932696,4,134,"response to hypoxia","BP","Pver_g19525",0.0428635612612613,"DEG.GO.terms"
"120","response to stress","GO:0006950","GO:0001666",0.0309,0.9932696,4,134,"response to hypoxia","BP","Pver_g20257",0.0428635612612613,"DEG.GO.terms"
"121","response to stress","GO:0006950","GO:0001666",0.0309,0.9932696,4,134,"response to hypoxia","BP","Pver_g20419",0.0428635612612613,"DEG.GO.terms"
"122","response to stress","GO:0006950","GO:0001666",0.0309,0.9932696,4,134,"response to hypoxia","BP","Pver_g20552",0.0428635612612613,"DEG.GO.terms"
"123","response to stress","GO:0006950","GO:0001666",0.0309,0.9932696,4,134,"response to hypoxia","BP","Pver_g20611",0.0428635612612613,"DEG.GO.terms"
"124","response to stress","GO:0006950","GO:0001666",0.0309,0.9932696,4,134,"response to hypoxia","BP","Pver_g20893",0.0428635612612613,"DEG.GO.terms"
"125","response to stress","GO:0006950","GO:0001666",0.0309,0.9932696,4,134,"response to hypoxia","BP","Pver_g22958",0.0428635612612613,"DEG.GO.terms"
"126","response to stress","GO:0006950","GO:0001666",0.0309,0.9932696,4,134,"response to hypoxia","BP","Pver_g23230",0.0428635612612613,"DEG.GO.terms"
"127","response to stress","GO:0006950","GO:0001666",0.0309,0.9932696,4,134,"response to hypoxia","BP","Pver_g24266",0.0428635612612613,"DEG.GO.terms"
"128","response to stress","GO:0006950","GO:0001666",0.0309,0.9932696,4,134,"response to hypoxia","BP","Pver_g25069",0.0428635612612613,"DEG.GO.terms"
"129","response to stress","GO:0006950","GO:0001666",0.0309,0.9932696,4,134,"response to hypoxia","BP","Pver_g25715",0.0428635612612613,"DEG.GO.terms"
"130","response to stress","GO:0006950","GO:0001666",0.0309,0.9932696,4,134,"response to hypoxia","BP","Pver_g25825",0.0428635612612613,"DEG.GO.terms"
"131","response to stress","GO:0006950","GO:0001666",0.0309,0.9932696,4,134,"response to hypoxia","BP","Pver_g25929",0.0428635612612613,"DEG.GO.terms"
"132","response to stress","GO:0006950","GO:0001666",0.0309,0.9932696,4,134,"response to hypoxia","BP","Pver_g25935",0.0428635612612613,"DEG.GO.terms"
"133","response to stress","GO:0006950","GO:0001666",0.0309,0.9932696,4,134,"response to hypoxia","BP","Pver_g26337",0.0428635612612613,"DEG.GO.terms"
"134","response to stress","GO:0006950","GO:0001666",0.0309,0.9932696,4,134,"response to hypoxia","BP","Pver_g26453",0.0428635612612613,"DEG.GO.terms"
"135","response to stress","GO:0006950","GO:0001666",0.0309,0.9932696,4,134,"response to hypoxia","BP","Pver_novel_model_525_5de57afd",0.0428635612612613,"DEG.GO.terms"
"136","response to stress","GO:0006950","GO:0009408",0.0196,0.9974221,3,69,"response to heat","BP","Pver_g316",0.0375645962732919,"DEG.GO.terms"
"137","response to stress","GO:0006950","GO:0009408",0.0196,0.9974221,3,69,"response to heat","BP","Pver_g503",0.0375645962732919,"DEG.GO.terms"
"138","response to stress","GO:0006950","GO:0009408",0.0196,0.9974221,3,69,"response to heat","BP","Pver_g830",0.0375645962732919,"DEG.GO.terms"
"139","response to stress","GO:0006950","GO:0009408",0.0196,0.9974221,3,69,"response to heat","BP","Pver_g950",0.0375645962732919,"DEG.GO.terms"
"140","response to stress","GO:0006950","GO:0009408",0.0196,0.9974221,3,69,"response to heat","BP","Pver_g1081",0.0375645962732919,"DEG.GO.terms"
"141","response to stress","GO:0006950","GO:0009408",0.0196,0.9974221,3,69,"response to heat","BP","Pver_g1082",0.0375645962732919,"DEG.GO.terms"
"142","response to stress","GO:0006950","GO:0009408",0.0196,0.9974221,3,69,"response to heat","BP","Pver_g1153",0.0375645962732919,"DEG.GO.terms"
"143","response to stress","GO:0006950","GO:0009408",0.0196,0.9974221,3,69,"response to heat","BP","Pver_g1414",0.0375645962732919,"DEG.GO.terms"
"144","response to stress","GO:0006950","GO:0009408",0.0196,0.9974221,3,69,"response to heat","BP","Pver_g1618",0.0375645962732919,"DEG.GO.terms"
"145","response to stress","GO:0006950","GO:0009408",0.0196,0.9974221,3,69,"response to heat","BP","Pver_g1892",0.0375645962732919,"DEG.GO.terms"
"146","response to stress","GO:0006950","GO:0009408",0.0196,0.9974221,3,69,"response to heat","BP","Pver_g1942",0.0375645962732919,"DEG.GO.terms"
"147","response to stress","GO:0006950","GO:0009408",0.0196,0.9974221,3,69,"response to heat","BP","Pver_g2509",0.0375645962732919,"DEG.GO.terms"
"148","response to stress","GO:0006950","GO:0009408",0.0196,0.9974221,3,69,"response to heat","BP","Pver_g2515",0.0375645962732919,"DEG.GO.terms"
"149","response to stress","GO:0006950","GO:0009408",0.0196,0.9974221,3,69,"response to heat","BP","Pver_g3034",0.0375645962732919,"DEG.GO.terms"
"150","response to stress","GO:0006950","GO:0009408",0.0196,0.9974221,3,69,"response to heat","BP","Pver_g3099",0.0375645962732919,"DEG.GO.terms"
"151","response to stress","GO:0006950","GO:0009408",0.0196,0.9974221,3,69,"response to heat","BP","Pver_g3152",0.0375645962732919,"DEG.GO.terms"
"152","response to stress","GO:0006950","GO:0009408",0.0196,0.9974221,3,69,"response to heat","BP","Pver_g3360",0.0375645962732919,"DEG.GO.terms"
"153","response to stress","GO:0006950","GO:0009408",0.0196,0.9974221,3,69,"response to heat","BP","Pver_g3417",0.0375645962732919,"DEG.GO.terms"
"154","response to stress","GO:0006950","GO:0009408",0.0196,0.9974221,3,69,"response to heat","BP","Pver_g3746",0.0375645962732919,"DEG.GO.terms"
"155","response to stress","GO:0006950","GO:0009408",0.0196,0.9974221,3,69,"response to heat","BP","Pver_g5329",0.0375645962732919,"DEG.GO.terms"
"156","response to stress","GO:0006950","GO:0009408",0.0196,0.9974221,3,69,"response to heat","BP","Pver_g5361",0.0375645962732919,"DEG.GO.terms"
"157","response to stress","GO:0006950","GO:0009408",0.0196,0.9974221,3,69,"response to heat","BP","Pver_g5826",0.0375645962732919,"DEG.GO.terms"
"158","response to stress","GO:0006950","GO:0009408",0.0196,0.9974221,3,69,"response to heat","BP","Pver_g6301",0.0375645962732919,"DEG.GO.terms"
"159","response to stress","GO:0006950","GO:0009408",0.0196,0.9974221,3,69,"response to heat","BP","Pver_g6433",0.0375645962732919,"DEG.GO.terms"
"160","response to stress","GO:0006950","GO:0009408",0.0196,0.9974221,3,69,"response to heat","BP","Pver_g7130",0.0375645962732919,"DEG.GO.terms"
"161","response to stress","GO:0006950","GO:0009408",0.0196,0.9974221,3,69,"response to heat","BP","Pver_g7167",0.0375645962732919,"DEG.GO.terms"
"162","response to stress","GO:0006950","GO:0009408",0.0196,0.9974221,3,69,"response to heat","BP","Pver_g7599",0.0375645962732919,"DEG.GO.terms"
"163","response to stress","GO:0006950","GO:0009408",0.0196,0.9974221,3,69,"response to heat","BP","Pver_g8244",0.0375645962732919,"DEG.GO.terms"
"164","response to stress","GO:0006950","GO:0009408",0.0196,0.9974221,3,69,"response to heat","BP","Pver_g9410",0.0375645962732919,"DEG.GO.terms"
"165","response to stress","GO:0006950","GO:0009408",0.0196,0.9974221,3,69,"response to heat","BP","Pver_g9427",0.0375645962732919,"DEG.GO.terms"
"166","response to stress","GO:0006950","GO:0009408",0.0196,0.9974221,3,69,"response to heat","BP","Pver_g10792",0.0375645962732919,"DEG.GO.terms"
"167","response to stress","GO:0006950","GO:0009408",0.0196,0.9974221,3,69,"response to heat","BP","Pver_g10867",0.0375645962732919,"DEG.GO.terms"
"168","response to stress","GO:0006950","GO:0009408",0.0196,0.9974221,3,69,"response to heat","BP","Pver_g11041",0.0375645962732919,"DEG.GO.terms"
"169","response to stress","GO:0006950","GO:0009408",0.0196,0.9974221,3,69,"response to heat","BP","Pver_g11421",0.0375645962732919,"DEG.GO.terms"
"170","response to stress","GO:0006950","GO:0009408",0.0196,0.9974221,3,69,"response to heat","BP","Pver_g11516",0.0375645962732919,"DEG.GO.terms"
"171","response to stress","GO:0006950","GO:0009408",0.0196,0.9974221,3,69,"response to heat","BP","Pver_g11517",0.0375645962732919,"DEG.GO.terms"
"172","response to stress","GO:0006950","GO:0009408",0.0196,0.9974221,3,69,"response to heat","BP","Pver_g11518",0.0375645962732919,"DEG.GO.terms"
"173","response to stress","GO:0006950","GO:0009408",0.0196,0.9974221,3,69,"response to heat","BP","Pver_g11519",0.0375645962732919,"DEG.GO.terms"
"174","response to stress","GO:0006950","GO:0009408",0.0196,0.9974221,3,69,"response to heat","BP","Pver_g11524",0.0375645962732919,"DEG.GO.terms"
"175","response to stress","GO:0006950","GO:0009408",0.0196,0.9974221,3,69,"response to heat","BP","Pver_g11531",0.0375645962732919,"DEG.GO.terms"
"176","response to stress","GO:0006950","GO:0009408",0.0196,0.9974221,3,69,"response to heat","BP","Pver_g11721",0.0375645962732919,"DEG.GO.terms"
"177","response to stress","GO:0006950","GO:0009408",0.0196,0.9974221,3,69,"response to heat","BP","Pver_g11886",0.0375645962732919,"DEG.GO.terms"
"178","response to stress","GO:0006950","GO:0009408",0.0196,0.9974221,3,69,"response to heat","BP","Pver_g12440",0.0375645962732919,"DEG.GO.terms"
"179","response to stress","GO:0006950","GO:0009408",0.0196,0.9974221,3,69,"response to heat","BP","Pver_g12769",0.0375645962732919,"DEG.GO.terms"
"180","response to stress","GO:0006950","GO:0009408",0.0196,0.9974221,3,69,"response to heat","BP","Pver_g13136",0.0375645962732919,"DEG.GO.terms"
"181","response to stress","GO:0006950","GO:0009408",0.0196,0.9974221,3,69,"response to heat","BP","Pver_g13279",0.0375645962732919,"DEG.GO.terms"
"182","response to stress","GO:0006950","GO:0009408",0.0196,0.9974221,3,69,"response to heat","BP","Pver_g14372",0.0375645962732919,"DEG.GO.terms"
"183","response to stress","GO:0006950","GO:0009408",0.0196,0.9974221,3,69,"response to heat","BP","Pver_g14703",0.0375645962732919,"DEG.GO.terms"
"184","response to stress","GO:0006950","GO:0009408",0.0196,0.9974221,3,69,"response to heat","BP","Pver_g14863",0.0375645962732919,"DEG.GO.terms"
"185","response to stress","GO:0006950","GO:0009408",0.0196,0.9974221,3,69,"response to heat","BP","Pver_g15844",0.0375645962732919,"DEG.GO.terms"
"186","response to stress","GO:0006950","GO:0009408",0.0196,0.9974221,3,69,"response to heat","BP","Pver_g16163",0.0375645962732919,"DEG.GO.terms"
"187","response to stress","GO:0006950","GO:0009408",0.0196,0.9974221,3,69,"response to heat","BP","Pver_g16307",0.0375645962732919,"DEG.GO.terms"
"188","response to stress","GO:0006950","GO:0009408",0.0196,0.9974221,3,69,"response to heat","BP","Pver_g16315",0.0375645962732919,"DEG.GO.terms"
"189","response to stress","GO:0006950","GO:0009408",0.0196,0.9974221,3,69,"response to heat","BP","Pver_g16711",0.0375645962732919,"DEG.GO.terms"
"190","response to stress","GO:0006950","GO:0009408",0.0196,0.9974221,3,69,"response to heat","BP","Pver_g18735",0.0375645962732919,"DEG.GO.terms"
"191","response to stress","GO:0006950","GO:0009408",0.0196,0.9974221,3,69,"response to heat","BP","Pver_g20611",0.0375645962732919,"DEG.GO.terms"
"192","response to stress","GO:0006950","GO:0009408",0.0196,0.9974221,3,69,"response to heat","BP","Pver_g20973",0.0375645962732919,"DEG.GO.terms"
"193","response to stress","GO:0006950","GO:0009408",0.0196,0.9974221,3,69,"response to heat","BP","Pver_g23580",0.0375645962732919,"DEG.GO.terms"
"194","response to stress","GO:0006950","GO:0009408",0.0196,0.9974221,3,69,"response to heat","BP","Pver_g23645",0.0375645962732919,"DEG.GO.terms"
"195","response to stress","GO:0006950","GO:0009408",0.0196,0.9974221,3,69,"response to heat","BP","Pver_g23801",0.0375645962732919,"DEG.GO.terms"
"196","response to stress","GO:0006950","GO:0009408",0.0196,0.9974221,3,69,"response to heat","BP","Pver_g23984",0.0375645962732919,"DEG.GO.terms"
"197","response to stress","GO:0006950","GO:0009408",0.0196,0.9974221,3,69,"response to heat","BP","Pver_g24298",0.0375645962732919,"DEG.GO.terms"
"198","response to stress","GO:0006950","GO:0009408",0.0196,0.9974221,3,69,"response to heat","BP","Pver_g24367",0.0375645962732919,"DEG.GO.terms"
"199","response to stress","GO:0006950","GO:0009408",0.0196,0.9974221,3,69,"response to heat","BP","Pver_g25052",0.0375645962732919,"DEG.GO.terms"
"200","response to stress","GO:0006950","GO:0009408",0.0196,0.9974221,3,69,"response to heat","BP","Pver_g25514",0.0375645962732919,"DEG.GO.terms"
"201","response to stress","GO:0006950","GO:0009408",0.0196,0.9974221,3,69,"response to heat","BP","Pver_g26228",0.0375645962732919,"DEG.GO.terms"
"202","response to stress","GO:0006950","GO:0009408",0.0196,0.9974221,3,69,"response to heat","BP","Pver_g26232",0.0375645962732919,"DEG.GO.terms"
"203","response to stress","GO:0006950","GO:0009408",0.0196,0.9974221,3,69,"response to heat","BP","Pver_g4587",0.0375645962732919,"DEG.GO.terms"
"204","response to stress","GO:0006950","GO:0009408",0.0196,0.9974221,3,69,"response to heat","BP","Pver_g10747",0.0375645962732919,"DEG.GO.terms"
"205","nitrogen compound metabolic process","GO:0030091","GO:0030091",0.0381,0.9994133,1,5,"protein repair","BP","Pver_g6370",0.0449946240225564,"DEG.GO.terms"
"206","nitrogen compound metabolic process","GO:0030091","GO:0030091",0.0381,0.9994133,1,5,"protein repair","BP","Pver_g14258",0.0449946240225564,"DEG.GO.terms"
"207","nitrogen compound metabolic process","GO:0030091","GO:0030091",0.0381,0.9994133,1,5,"protein repair","BP","Pver_g23947",0.0449946240225564,"DEG.GO.terms"
"208","nitrogen compound metabolic process","GO:0030091","GO:0030091",0.0381,0.9994133,1,5,"protein repair","BP","Pver_g24396",0.0449946240225564,"DEG.GO.terms"
"209","nitrogen compound metabolic process","GO:0030091","GO:0030091",0.0381,0.9994133,1,5,"protein repair","BP","Pver_g5518",0.0449946240225564,"DEG.GO.terms"
"210","heat shock protein binding","GO:0031072","GO:0030544",0.0276,0.9978184,2,32,"Hsp70 protein binding","MF","Pver_g433",0.0417861111111111,"DEG.GO.terms"
"211","heat shock protein binding","GO:0031072","GO:0030544",0.0276,0.9978184,2,32,"Hsp70 protein binding","MF","Pver_g1273",0.0417861111111111,"DEG.GO.terms"
"212","heat shock protein binding","GO:0031072","GO:0030544",0.0276,0.9978184,2,32,"Hsp70 protein binding","MF","Pver_g1406",0.0417861111111111,"DEG.GO.terms"
"213","heat shock protein binding","GO:0031072","GO:0030544",0.0276,0.9978184,2,32,"Hsp70 protein binding","MF","Pver_g1618",0.0417861111111111,"DEG.GO.terms"
"214","heat shock protein binding","GO:0031072","GO:0030544",0.0276,0.9978184,2,32,"Hsp70 protein binding","MF","Pver_g3863",0.0417861111111111,"DEG.GO.terms"
"215","heat shock protein binding","GO:0031072","GO:0030544",0.0276,0.9978184,2,32,"Hsp70 protein binding","MF","Pver_g4249",0.0417861111111111,"DEG.GO.terms"
"216","heat shock protein binding","GO:0031072","GO:0030544",0.0276,0.9978184,2,32,"Hsp70 protein binding","MF","Pver_g4251",0.0417861111111111,"DEG.GO.terms"
"217","heat shock protein binding","GO:0031072","GO:0030544",0.0276,0.9978184,2,32,"Hsp70 protein binding","MF","Pver_g4587",0.0417861111111111,"DEG.GO.terms"
"218","heat shock protein binding","GO:0031072","GO:0030544",0.0276,0.9978184,2,32,"Hsp70 protein binding","MF","Pver_g5139",0.0417861111111111,"DEG.GO.terms"
"219","heat shock protein binding","GO:0031072","GO:0030544",0.0276,0.9978184,2,32,"Hsp70 protein binding","MF","Pver_g6834",0.0417861111111111,"DEG.GO.terms"
"220","heat shock protein binding","GO:0031072","GO:0030544",0.0276,0.9978184,2,32,"Hsp70 protein binding","MF","Pver_g8115",0.0417861111111111,"DEG.GO.terms"
"221","heat shock protein binding","GO:0031072","GO:0030544",0.0276,0.9978184,2,32,"Hsp70 protein binding","MF","Pver_g8146",0.0417861111111111,"DEG.GO.terms"
"222","heat shock protein binding","GO:0031072","GO:0030544",0.0276,0.9978184,2,32,"Hsp70 protein binding","MF","Pver_g8247",0.0417861111111111,"DEG.GO.terms"
"223","heat shock protein binding","GO:0031072","GO:0030544",0.0276,0.9978184,2,32,"Hsp70 protein binding","MF","Pver_g9637",0.0417861111111111,"DEG.GO.terms"
"224","heat shock protein binding","GO:0031072","GO:0030544",0.0276,0.9978184,2,32,"Hsp70 protein binding","MF","Pver_g10004",0.0417861111111111,"DEG.GO.terms"
"225","heat shock protein binding","GO:0031072","GO:0030544",0.0276,0.9978184,2,32,"Hsp70 protein binding","MF","Pver_g10640",0.0417861111111111,"DEG.GO.terms"
"226","heat shock protein binding","GO:0031072","GO:0030544",0.0276,0.9978184,2,32,"Hsp70 protein binding","MF","Pver_g10915",0.0417861111111111,"DEG.GO.terms"
"227","heat shock protein binding","GO:0031072","GO:0030544",0.0276,0.9978184,2,32,"Hsp70 protein binding","MF","Pver_g14390",0.0417861111111111,"DEG.GO.terms"
"228","heat shock protein binding","GO:0031072","GO:0030544",0.0276,0.9978184,2,32,"Hsp70 protein binding","MF","Pver_g14608",0.0417861111111111,"DEG.GO.terms"
"229","heat shock protein binding","GO:0031072","GO:0030544",0.0276,0.9978184,2,32,"Hsp70 protein binding","MF","Pver_g14977",0.0417861111111111,"DEG.GO.terms"
"230","heat shock protein binding","GO:0031072","GO:0030544",0.0276,0.9978184,2,32,"Hsp70 protein binding","MF","Pver_g15891",0.0417861111111111,"DEG.GO.terms"
"231","heat shock protein binding","GO:0031072","GO:0030544",0.0276,0.9978184,2,32,"Hsp70 protein binding","MF","Pver_g16615",0.0417861111111111,"DEG.GO.terms"
"232","heat shock protein binding","GO:0031072","GO:0030544",0.0276,0.9978184,2,32,"Hsp70 protein binding","MF","Pver_g16616",0.0417861111111111,"DEG.GO.terms"
"233","heat shock protein binding","GO:0031072","GO:0030544",0.0276,0.9978184,2,32,"Hsp70 protein binding","MF","Pver_g17018",0.0417861111111111,"DEG.GO.terms"
"234","heat shock protein binding","GO:0031072","GO:0030544",0.0276,0.9978184,2,32,"Hsp70 protein binding","MF","Pver_g20107",0.0417861111111111,"DEG.GO.terms"
"235","heat shock protein binding","GO:0031072","GO:0030544",0.0276,0.9978184,2,32,"Hsp70 protein binding","MF","Pver_g21348",0.0417861111111111,"DEG.GO.terms"
"236","heat shock protein binding","GO:0031072","GO:0030544",0.0276,0.9978184,2,32,"Hsp70 protein binding","MF","Pver_g22889",0.0417861111111111,"DEG.GO.terms"
"237","heat shock protein binding","GO:0031072","GO:0030544",0.0276,0.9978184,2,32,"Hsp70 protein binding","MF","Pver_g24637",0.0417861111111111,"DEG.GO.terms"
"238","heat shock protein binding","GO:0031072","GO:0030544",0.0276,0.9978184,2,32,"Hsp70 protein binding","MF","Pver_g25723",0.0417861111111111,"DEG.GO.terms"
"239","heat shock protein binding","GO:0031072","GO:0030544",0.0276,0.9978184,2,32,"Hsp70 protein binding","MF","Pver_g25935",0.0417861111111111,"DEG.GO.terms"
"240","heat shock protein binding","GO:0031072","GO:0030544",0.0276,0.9978184,2,32,"Hsp70 protein binding","MF","Pver_g26053",0.0417861111111111,"DEG.GO.terms"
"241","heat shock protein binding","GO:0031072","GO:0030544",0.0276,0.9978184,2,32,"Hsp70 protein binding","MF","Pver_g26229",0.0417861111111111,"DEG.GO.terms"
"242","heat shock protein binding","GO:0031072","GO:0030544",0.0276,0.9978184,2,32,"Hsp70 protein binding","MF","Pver_novel_model_721_5de57afd",0.0417861111111111,"DEG.GO.terms"
"243","response to nutrient levels","GO:0032094","GO:0032094",0.032,0.9972651,2,30,"response to food","BP","Pver_g922",0.0434690265486726,"DEG.GO.terms"
"244","response to nutrient levels","GO:0032094","GO:0032094",0.032,0.9972651,2,30,"response to food","BP","Pver_g946",0.0434690265486726,"DEG.GO.terms"
"245","response to nutrient levels","GO:0032094","GO:0032094",0.032,0.9972651,2,30,"response to food","BP","Pver_g2467",0.0434690265486726,"DEG.GO.terms"
"246","response to nutrient levels","GO:0032094","GO:0032094",0.032,0.9972651,2,30,"response to food","BP","Pver_g2504",0.0434690265486726,"DEG.GO.terms"
"247","response to nutrient levels","GO:0032094","GO:0032094",0.032,0.9972651,2,30,"response to food","BP","Pver_g2956",0.0434690265486726,"DEG.GO.terms"
"248","response to nutrient levels","GO:0032094","GO:0032094",0.032,0.9972651,2,30,"response to food","BP","Pver_g4562",0.0434690265486726,"DEG.GO.terms"
"249","response to nutrient levels","GO:0032094","GO:0032094",0.032,0.9972651,2,30,"response to food","BP","Pver_g5784",0.0434690265486726,"DEG.GO.terms"
"250","response to nutrient levels","GO:0032094","GO:0032094",0.032,0.9972651,2,30,"response to food","BP","Pver_g6248",0.0434690265486726,"DEG.GO.terms"
"251","response to nutrient levels","GO:0032094","GO:0032094",0.032,0.9972651,2,30,"response to food","BP","Pver_g7025",0.0434690265486726,"DEG.GO.terms"
"252","response to nutrient levels","GO:0032094","GO:0032094",0.032,0.9972651,2,30,"response to food","BP","Pver_g7033",0.0434690265486726,"DEG.GO.terms"
"253","response to nutrient levels","GO:0032094","GO:0032094",0.032,0.9972651,2,30,"response to food","BP","Pver_g7332",0.0434690265486726,"DEG.GO.terms"
"254","response to nutrient levels","GO:0032094","GO:0032094",0.032,0.9972651,2,30,"response to food","BP","Pver_g8893",0.0434690265486726,"DEG.GO.terms"
"255","response to nutrient levels","GO:0032094","GO:0032094",0.032,0.9972651,2,30,"response to food","BP","Pver_g8933",0.0434690265486726,"DEG.GO.terms"
"256","response to nutrient levels","GO:0032094","GO:0032094",0.032,0.9972651,2,30,"response to food","BP","Pver_g8935",0.0434690265486726,"DEG.GO.terms"
"257","response to nutrient levels","GO:0032094","GO:0032094",0.032,0.9972651,2,30,"response to food","BP","Pver_g10364",0.0434690265486726,"DEG.GO.terms"
"258","response to nutrient levels","GO:0032094","GO:0032094",0.032,0.9972651,2,30,"response to food","BP","Pver_g10619",0.0434690265486726,"DEG.GO.terms"
"259","response to nutrient levels","GO:0032094","GO:0032094",0.032,0.9972651,2,30,"response to food","BP","Pver_g10623",0.0434690265486726,"DEG.GO.terms"
"260","response to nutrient levels","GO:0032094","GO:0032094",0.032,0.9972651,2,30,"response to food","BP","Pver_g11896",0.0434690265486726,"DEG.GO.terms"
"261","response to nutrient levels","GO:0032094","GO:0032094",0.032,0.9972651,2,30,"response to food","BP","Pver_g12509",0.0434690265486726,"DEG.GO.terms"
"262","response to nutrient levels","GO:0032094","GO:0032094",0.032,0.9972651,2,30,"response to food","BP","Pver_g12517",0.0434690265486726,"DEG.GO.terms"
"263","response to nutrient levels","GO:0032094","GO:0032094",0.032,0.9972651,2,30,"response to food","BP","Pver_g13135",0.0434690265486726,"DEG.GO.terms"
"264","response to nutrient levels","GO:0032094","GO:0032094",0.032,0.9972651,2,30,"response to food","BP","Pver_g13365",0.0434690265486726,"DEG.GO.terms"
"265","response to nutrient levels","GO:0032094","GO:0032094",0.032,0.9972651,2,30,"response to food","BP","Pver_g14848",0.0434690265486726,"DEG.GO.terms"
"266","response to nutrient levels","GO:0032094","GO:0032094",0.032,0.9972651,2,30,"response to food","BP","Pver_g14942",0.0434690265486726,"DEG.GO.terms"
"267","response to nutrient levels","GO:0032094","GO:0032094",0.032,0.9972651,2,30,"response to food","BP","Pver_g16606",0.0434690265486726,"DEG.GO.terms"
"268","response to nutrient levels","GO:0032094","GO:0032094",0.032,0.9972651,2,30,"response to food","BP","Pver_g17738",0.0434690265486726,"DEG.GO.terms"
"269","response to nutrient levels","GO:0032094","GO:0032094",0.032,0.9972651,2,30,"response to food","BP","Pver_g17826",0.0434690265486726,"DEG.GO.terms"
"270","response to nutrient levels","GO:0032094","GO:0032094",0.032,0.9972651,2,30,"response to food","BP","Pver_g17827",0.0434690265486726,"DEG.GO.terms"
"271","response to nutrient levels","GO:0032094","GO:0032094",0.032,0.9972651,2,30,"response to food","BP","Pver_g19246",0.0434690265486726,"DEG.GO.terms"
"272","response to nutrient levels","GO:0032094","GO:0032094",0.032,0.9972651,2,30,"response to food","BP","Pver_g26113",0.0434690265486726,"DEG.GO.terms"
"273","response to nutrient levels","GO:0032094","GO:0032094",0.032,0.9972651,2,30,"response to food","BP","Pver_novel_model_525_5de57afd",0.0434690265486726,"DEG.GO.terms"
"274","response to nutrient levels","GO:0032094","GO:0032099",0.0143,0.9999488,1,2,"negative regulation of appetite","BP","Pver_g7132",0.0375645962732919,"DEG.GO.terms"
"275","response to nutrient levels","GO:0032094","GO:0032099",0.0143,0.9999488,1,2,"negative regulation of appetite","BP","Pver_g15943",0.0375645962732919,"DEG.GO.terms"
"276","nitrogen compound metabolic process","GO:0006807","GO:0032918",0.00804,1,1,1,"spermidine acetylation","BP","Pver_g15981",0.0333716084615385,"DEG.GO.terms"
"277","nitrogen compound metabolic process","GO:0006807","GO:0032918",0.00804,1,1,1,"spermidine acetylation","BP","Pver_novel_model_486_5de57afd",0.0333716084615385,"DEG.GO.terms"
"278","nitrogen compound metabolic process","GO:0006807","GO:0032919",0.00804,1,1,1,"spermine acetylation","BP","Pver_g15981",0.0333716084615385,"DEG.GO.terms"
"279","nitrogen compound metabolic process","GO:0006807","GO:0032919",0.00804,1,1,1,"spermine acetylation","BP","Pver_novel_model_486_5de57afd",0.0333716084615385,"DEG.GO.terms"
"280","nitrogen compound metabolic process","GO:0006807","GO:0032920",0.00804,1,1,1,"putrescine acetylation","BP","Pver_g15981",0.0333716084615385,"DEG.GO.terms"
"281","nitrogen compound metabolic process","GO:0006807","GO:0032920",0.00804,1,1,1,"putrescine acetylation","BP","Pver_novel_model_486_5de57afd",0.0333716084615385,"DEG.GO.terms"
"282","response to nutrient levels","GO:0031667","GO:0043326",0.018,0.9999182,1,2,"chemotaxis to folate","BP","Pver_g422",0.0375645962732919,"DEG.GO.terms"
"283","response to nutrient levels","GO:0031667","GO:0043326",0.018,0.9999182,1,2,"chemotaxis to folate","BP","Pver_g7570",0.0375645962732919,"DEG.GO.terms"
"284","nitrogen compound metabolic process","GO:0006807","GO:0046204",0.00804,1,1,1,"nor-spermidine metabolic process","BP","Pver_g15981",0.0333716084615385,"DEG.GO.terms"
"285","nitrogen compound metabolic process","GO:0006807","GO:0046204",0.00804,1,1,1,"nor-spermidine metabolic process","BP","Pver_novel_model_486_5de57afd",0.0333716084615385,"DEG.GO.terms"
"286","nitrogen compound metabolic process","GO:0006807","GO:0051246",0.0466,0.9913705,3,92,"regulation of protein metabolic process","BP","Pver_g767",0.0486584967320261,"DEG.GO.terms"
"287","nitrogen compound metabolic process","GO:0006807","GO:0051246",0.0466,0.9913705,3,92,"regulation of protein metabolic process","BP","Pver_g872",0.0486584967320261,"DEG.GO.terms"
"288","nitrogen compound metabolic process","GO:0006807","GO:0051246",0.0466,0.9913705,3,92,"regulation of protein metabolic process","BP","Pver_g1503",0.0486584967320261,"DEG.GO.terms"
"289","nitrogen compound metabolic process","GO:0006807","GO:0051246",0.0466,0.9913705,3,92,"regulation of protein metabolic process","BP","Pver_g1632",0.0486584967320261,"DEG.GO.terms"
"290","nitrogen compound metabolic process","GO:0006807","GO:0051246",0.0466,0.9913705,3,92,"regulation of protein metabolic process","BP","Pver_g1633",0.0486584967320261,"DEG.GO.terms"
"291","nitrogen compound metabolic process","GO:0006807","GO:0051246",0.0466,0.9913705,3,92,"regulation of protein metabolic process","BP","Pver_g2322",0.0486584967320261,"DEG.GO.terms"
"292","nitrogen compound metabolic process","GO:0006807","GO:0051246",0.0466,0.9913705,3,92,"regulation of protein metabolic process","BP","Pver_g2656",0.0486584967320261,"DEG.GO.terms"
"293","nitrogen compound metabolic process","GO:0006807","GO:0051246",0.0466,0.9913705,3,92,"regulation of protein metabolic process","BP","Pver_g2666",0.0486584967320261,"DEG.GO.terms"
"294","nitrogen compound metabolic process","GO:0006807","GO:0051246",0.0466,0.9913705,3,92,"regulation of protein metabolic process","BP","Pver_g2959",0.0486584967320261,"DEG.GO.terms"
"295","nitrogen compound metabolic process","GO:0006807","GO:0051246",0.0466,0.9913705,3,92,"regulation of protein metabolic process","BP","Pver_g4472",0.0486584967320261,"DEG.GO.terms"
"296","nitrogen compound metabolic process","GO:0006807","GO:0051246",0.0466,0.9913705,3,92,"regulation of protein metabolic process","BP","Pver_g5098",0.0486584967320261,"DEG.GO.terms"
"297","nitrogen compound metabolic process","GO:0006807","GO:0051246",0.0466,0.9913705,3,92,"regulation of protein metabolic process","BP","Pver_g5413",0.0486584967320261,"DEG.GO.terms"
"298","nitrogen compound metabolic process","GO:0006807","GO:0051246",0.0466,0.9913705,3,92,"regulation of protein metabolic process","BP","Pver_g5540",0.0486584967320261,"DEG.GO.terms"
"299","nitrogen compound metabolic process","GO:0006807","GO:0051246",0.0466,0.9913705,3,92,"regulation of protein metabolic process","BP","Pver_g5639",0.0486584967320261,"DEG.GO.terms"
"300","nitrogen compound metabolic process","GO:0006807","GO:0051246",0.0466,0.9913705,3,92,"regulation of protein metabolic process","BP","Pver_g5724",0.0486584967320261,"DEG.GO.terms"
"301","nitrogen compound metabolic process","GO:0006807","GO:0051246",0.0466,0.9913705,3,92,"regulation of protein metabolic process","BP","Pver_g5768",0.0486584967320261,"DEG.GO.terms"
"302","nitrogen compound metabolic process","GO:0006807","GO:0051246",0.0466,0.9913705,3,92,"regulation of protein metabolic process","BP","Pver_g6416",0.0486584967320261,"DEG.GO.terms"
"303","nitrogen compound metabolic process","GO:0006807","GO:0051246",0.0466,0.9913705,3,92,"regulation of protein metabolic process","BP","Pver_g7542",0.0486584967320261,"DEG.GO.terms"
"304","nitrogen compound metabolic process","GO:0006807","GO:0051246",0.0466,0.9913705,3,92,"regulation of protein metabolic process","BP","Pver_g7589",0.0486584967320261,"DEG.GO.terms"
"305","nitrogen compound metabolic process","GO:0006807","GO:0051246",0.0466,0.9913705,3,92,"regulation of protein metabolic process","BP","Pver_g7590",0.0486584967320261,"DEG.GO.terms"
"306","nitrogen compound metabolic process","GO:0006807","GO:0051246",0.0466,0.9913705,3,92,"regulation of protein metabolic process","BP","Pver_g7780",0.0486584967320261,"DEG.GO.terms"
"307","nitrogen compound metabolic process","GO:0006807","GO:0051246",0.0466,0.9913705,3,92,"regulation of protein metabolic process","BP","Pver_g7880",0.0486584967320261,"DEG.GO.terms"
"308","nitrogen compound metabolic process","GO:0006807","GO:0051246",0.0466,0.9913705,3,92,"regulation of protein metabolic process","BP","Pver_g8059",0.0486584967320261,"DEG.GO.terms"
"309","nitrogen compound metabolic process","GO:0006807","GO:0051246",0.0466,0.9913705,3,92,"regulation of protein metabolic process","BP","Pver_g8599",0.0486584967320261,"DEG.GO.terms"
"310","nitrogen compound metabolic process","GO:0006807","GO:0051246",0.0466,0.9913705,3,92,"regulation of protein metabolic process","BP","Pver_g8822",0.0486584967320261,"DEG.GO.terms"
"311","nitrogen compound metabolic process","GO:0006807","GO:0051246",0.0466,0.9913705,3,92,"regulation of protein metabolic process","BP","Pver_g8823",0.0486584967320261,"DEG.GO.terms"
"312","nitrogen compound metabolic process","GO:0006807","GO:0051246",0.0466,0.9913705,3,92,"regulation of protein metabolic process","BP","Pver_g9312",0.0486584967320261,"DEG.GO.terms"
"313","nitrogen compound metabolic process","GO:0006807","GO:0051246",0.0466,0.9913705,3,92,"regulation of protein metabolic process","BP","Pver_g9739",0.0486584967320261,"DEG.GO.terms"
"314","nitrogen compound metabolic process","GO:0006807","GO:0051246",0.0466,0.9913705,3,92,"regulation of protein metabolic process","BP","Pver_g10277",0.0486584967320261,"DEG.GO.terms"
"315","nitrogen compound metabolic process","GO:0006807","GO:0051246",0.0466,0.9913705,3,92,"regulation of protein metabolic process","BP","Pver_g10644",0.0486584967320261,"DEG.GO.terms"
"316","nitrogen compound metabolic process","GO:0006807","GO:0051246",0.0466,0.9913705,3,92,"regulation of protein metabolic process","BP","Pver_g11029",0.0486584967320261,"DEG.GO.terms"
"317","nitrogen compound metabolic process","GO:0006807","GO:0051246",0.0466,0.9913705,3,92,"regulation of protein metabolic process","BP","Pver_g11032",0.0486584967320261,"DEG.GO.terms"
"318","nitrogen compound metabolic process","GO:0006807","GO:0051246",0.0466,0.9913705,3,92,"regulation of protein metabolic process","BP","Pver_g11408",0.0486584967320261,"DEG.GO.terms"
"319","nitrogen compound metabolic process","GO:0006807","GO:0051246",0.0466,0.9913705,3,92,"regulation of protein metabolic process","BP","Pver_g11564",0.0486584967320261,"DEG.GO.terms"
"320","nitrogen compound metabolic process","GO:0006807","GO:0051246",0.0466,0.9913705,3,92,"regulation of protein metabolic process","BP","Pver_g11649",0.0486584967320261,"DEG.GO.terms"
"321","nitrogen compound metabolic process","GO:0006807","GO:0051246",0.0466,0.9913705,3,92,"regulation of protein metabolic process","BP","Pver_g12052",0.0486584967320261,"DEG.GO.terms"
"322","nitrogen compound metabolic process","GO:0006807","GO:0051246",0.0466,0.9913705,3,92,"regulation of protein metabolic process","BP","Pver_g12359",0.0486584967320261,"DEG.GO.terms"
"323","nitrogen compound metabolic process","GO:0006807","GO:0051246",0.0466,0.9913705,3,92,"regulation of protein metabolic process","BP","Pver_g12361",0.0486584967320261,"DEG.GO.terms"
"324","nitrogen compound metabolic process","GO:0006807","GO:0051246",0.0466,0.9913705,3,92,"regulation of protein metabolic process","BP","Pver_g13994",0.0486584967320261,"DEG.GO.terms"
"325","nitrogen compound metabolic process","GO:0006807","GO:0051246",0.0466,0.9913705,3,92,"regulation of protein metabolic process","BP","Pver_g14027",0.0486584967320261,"DEG.GO.terms"
"326","nitrogen compound metabolic process","GO:0006807","GO:0051246",0.0466,0.9913705,3,92,"regulation of protein metabolic process","BP","Pver_g14117",0.0486584967320261,"DEG.GO.terms"
"327","nitrogen compound metabolic process","GO:0006807","GO:0051246",0.0466,0.9913705,3,92,"regulation of protein metabolic process","BP","Pver_g15117",0.0486584967320261,"DEG.GO.terms"
"328","nitrogen compound metabolic process","GO:0006807","GO:0051246",0.0466,0.9913705,3,92,"regulation of protein metabolic process","BP","Pver_g15446",0.0486584967320261,"DEG.GO.terms"
"329","nitrogen compound metabolic process","GO:0006807","GO:0051246",0.0466,0.9913705,3,92,"regulation of protein metabolic process","BP","Pver_g15538",0.0486584967320261,"DEG.GO.terms"
"330","nitrogen compound metabolic process","GO:0006807","GO:0051246",0.0466,0.9913705,3,92,"regulation of protein metabolic process","BP","Pver_g15716",0.0486584967320261,"DEG.GO.terms"
"331","nitrogen compound metabolic process","GO:0006807","GO:0051246",0.0466,0.9913705,3,92,"regulation of protein metabolic process","BP","Pver_g15910",0.0486584967320261,"DEG.GO.terms"
"332","nitrogen compound metabolic process","GO:0006807","GO:0051246",0.0466,0.9913705,3,92,"regulation of protein metabolic process","BP","Pver_g16409",0.0486584967320261,"DEG.GO.terms"
"333","nitrogen compound metabolic process","GO:0006807","GO:0051246",0.0466,0.9913705,3,92,"regulation of protein metabolic process","BP","Pver_g16730",0.0486584967320261,"DEG.GO.terms"
"334","nitrogen compound metabolic process","GO:0006807","GO:0051246",0.0466,0.9913705,3,92,"regulation of protein metabolic process","BP","Pver_g16961",0.0486584967320261,"DEG.GO.terms"
"335","nitrogen compound metabolic process","GO:0006807","GO:0051246",0.0466,0.9913705,3,92,"regulation of protein metabolic process","BP","Pver_g17190",0.0486584967320261,"DEG.GO.terms"
"336","nitrogen compound metabolic process","GO:0006807","GO:0051246",0.0466,0.9913705,3,92,"regulation of protein metabolic process","BP","Pver_g17204",0.0486584967320261,"DEG.GO.terms"
"337","nitrogen compound metabolic process","GO:0006807","GO:0051246",0.0466,0.9913705,3,92,"regulation of protein metabolic process","BP","Pver_g17205",0.0486584967320261,"DEG.GO.terms"
"338","nitrogen compound metabolic process","GO:0006807","GO:0051246",0.0466,0.9913705,3,92,"regulation of protein metabolic process","BP","Pver_g17230",0.0486584967320261,"DEG.GO.terms"
"339","nitrogen compound metabolic process","GO:0006807","GO:0051246",0.0466,0.9913705,3,92,"regulation of protein metabolic process","BP","Pver_g17243",0.0486584967320261,"DEG.GO.terms"
"340","nitrogen compound metabolic process","GO:0006807","GO:0051246",0.0466,0.9913705,3,92,"regulation of protein metabolic process","BP","Pver_g17310",0.0486584967320261,"DEG.GO.terms"
"341","nitrogen compound metabolic process","GO:0006807","GO:0051246",0.0466,0.9913705,3,92,"regulation of protein metabolic process","BP","Pver_g17415",0.0486584967320261,"DEG.GO.terms"
"342","nitrogen compound metabolic process","GO:0006807","GO:0051246",0.0466,0.9913705,3,92,"regulation of protein metabolic process","BP","Pver_g17736",0.0486584967320261,"DEG.GO.terms"
"343","nitrogen compound metabolic process","GO:0006807","GO:0051246",0.0466,0.9913705,3,92,"regulation of protein metabolic process","BP","Pver_g17978",0.0486584967320261,"DEG.GO.terms"
"344","nitrogen compound metabolic process","GO:0006807","GO:0051246",0.0466,0.9913705,3,92,"regulation of protein metabolic process","BP","Pver_g18096",0.0486584967320261,"DEG.GO.terms"
"345","nitrogen compound metabolic process","GO:0006807","GO:0051246",0.0466,0.9913705,3,92,"regulation of protein metabolic process","BP","Pver_g18185",0.0486584967320261,"DEG.GO.terms"
"346","nitrogen compound metabolic process","GO:0006807","GO:0051246",0.0466,0.9913705,3,92,"regulation of protein metabolic process","BP","Pver_g18338",0.0486584967320261,"DEG.GO.terms"
"347","nitrogen compound metabolic process","GO:0006807","GO:0051246",0.0466,0.9913705,3,92,"regulation of protein metabolic process","BP","Pver_g18501",0.0486584967320261,"DEG.GO.terms"
"348","nitrogen compound metabolic process","GO:0006807","GO:0051246",0.0466,0.9913705,3,92,"regulation of protein metabolic process","BP","Pver_g18927",0.0486584967320261,"DEG.GO.terms"
"349","nitrogen compound metabolic process","GO:0006807","GO:0051246",0.0466,0.9913705,3,92,"regulation of protein metabolic process","BP","Pver_g19548",0.0486584967320261,"DEG.GO.terms"
"350","nitrogen compound metabolic process","GO:0006807","GO:0051246",0.0466,0.9913705,3,92,"regulation of protein metabolic process","BP","Pver_g19750",0.0486584967320261,"DEG.GO.terms"
"351","nitrogen compound metabolic process","GO:0006807","GO:0051246",0.0466,0.9913705,3,92,"regulation of protein metabolic process","BP","Pver_g19826",0.0486584967320261,"DEG.GO.terms"
"352","nitrogen compound metabolic process","GO:0006807","GO:0051246",0.0466,0.9913705,3,92,"regulation of protein metabolic process","BP","Pver_g19860",0.0486584967320261,"DEG.GO.terms"
"353","nitrogen compound metabolic process","GO:0006807","GO:0051246",0.0466,0.9913705,3,92,"regulation of protein metabolic process","BP","Pver_g19935",0.0486584967320261,"DEG.GO.terms"
"354","nitrogen compound metabolic process","GO:0006807","GO:0051246",0.0466,0.9913705,3,92,"regulation of protein metabolic process","BP","Pver_g19976",0.0486584967320261,"DEG.GO.terms"
"355","nitrogen compound metabolic process","GO:0006807","GO:0051246",0.0466,0.9913705,3,92,"regulation of protein metabolic process","BP","Pver_g20205",0.0486584967320261,"DEG.GO.terms"
"356","nitrogen compound metabolic process","GO:0006807","GO:0051246",0.0466,0.9913705,3,92,"regulation of protein metabolic process","BP","Pver_g20299",0.0486584967320261,"DEG.GO.terms"
"357","nitrogen compound metabolic process","GO:0006807","GO:0051246",0.0466,0.9913705,3,92,"regulation of protein metabolic process","BP","Pver_g20381",0.0486584967320261,"DEG.GO.terms"
"358","nitrogen compound metabolic process","GO:0006807","GO:0051246",0.0466,0.9913705,3,92,"regulation of protein metabolic process","BP","Pver_g20416",0.0486584967320261,"DEG.GO.terms"
"359","nitrogen compound metabolic process","GO:0006807","GO:0051246",0.0466,0.9913705,3,92,"regulation of protein metabolic process","BP","Pver_g20506",0.0486584967320261,"DEG.GO.terms"
"360","nitrogen compound metabolic process","GO:0006807","GO:0051246",0.0466,0.9913705,3,92,"regulation of protein metabolic process","BP","Pver_g20651",0.0486584967320261,"DEG.GO.terms"
"361","nitrogen compound metabolic process","GO:0006807","GO:0051246",0.0466,0.9913705,3,92,"regulation of protein metabolic process","BP","Pver_g20739",0.0486584967320261,"DEG.GO.terms"
"362","nitrogen compound metabolic process","GO:0006807","GO:0051246",0.0466,0.9913705,3,92,"regulation of protein metabolic process","BP","Pver_g20891",0.0486584967320261,"DEG.GO.terms"
"363","nitrogen compound metabolic process","GO:0006807","GO:0051246",0.0466,0.9913705,3,92,"regulation of protein metabolic process","BP","Pver_g20932",0.0486584967320261,"DEG.GO.terms"
"364","nitrogen compound metabolic process","GO:0006807","GO:0051246",0.0466,0.9913705,3,92,"regulation of protein metabolic process","BP","Pver_g21654",0.0486584967320261,"DEG.GO.terms"
"365","nitrogen compound metabolic process","GO:0006807","GO:0051246",0.0466,0.9913705,3,92,"regulation of protein metabolic process","BP","Pver_g21690",0.0486584967320261,"DEG.GO.terms"
"366","nitrogen compound metabolic process","GO:0006807","GO:0051246",0.0466,0.9913705,3,92,"regulation of protein metabolic process","BP","Pver_g23885",0.0486584967320261,"DEG.GO.terms"
"367","nitrogen compound metabolic process","GO:0006807","GO:0051246",0.0466,0.9913705,3,92,"regulation of protein metabolic process","BP","Pver_g23928",0.0486584967320261,"DEG.GO.terms"
"368","nitrogen compound metabolic process","GO:0006807","GO:0051246",0.0466,0.9913705,3,92,"regulation of protein metabolic process","BP","Pver_g24167",0.0486584967320261,"DEG.GO.terms"
"369","nitrogen compound metabolic process","GO:0006807","GO:0051246",0.0466,0.9913705,3,92,"regulation of protein metabolic process","BP","Pver_g24228",0.0486584967320261,"DEG.GO.terms"
"370","nitrogen compound metabolic process","GO:0006807","GO:0051246",0.0466,0.9913705,3,92,"regulation of protein metabolic process","BP","Pver_g25640",0.0486584967320261,"DEG.GO.terms"
"371","nitrogen compound metabolic process","GO:0006807","GO:0051246",0.0466,0.9913705,3,92,"regulation of protein metabolic process","BP","Pver_g25641",0.0486584967320261,"DEG.GO.terms"
"372","nitrogen compound metabolic process","GO:0006807","GO:0051246",0.0466,0.9913705,3,92,"regulation of protein metabolic process","BP","Pver_g26432",0.0486584967320261,"DEG.GO.terms"
"373","nitrogen compound metabolic process","GO:0006807","GO:0051246",0.0466,0.9913705,3,92,"regulation of protein metabolic process","BP","Pver_g26477",0.0486584967320261,"DEG.GO.terms"
"374","nitrogen compound metabolic process","GO:0006807","GO:0051246",0.0466,0.9913705,3,92,"regulation of protein metabolic process","BP","Pver_g26542",0.0486584967320261,"DEG.GO.terms"
"375","nitrogen compound metabolic process","GO:0006807","GO:0051246",0.0466,0.9913705,3,92,"regulation of protein metabolic process","BP","Pver_g26631",0.0486584967320261,"DEG.GO.terms"
"376","nitrogen compound metabolic process","GO:0006807","GO:0051246",0.0466,0.9913705,3,92,"regulation of protein metabolic process","BP","Pver_g26707",0.0486584967320261,"DEG.GO.terms"
"377","nitrogen compound metabolic process","GO:0006807","GO:0051246",0.0466,0.9913705,3,92,"regulation of protein metabolic process","BP","Pver_g26791",0.0486584967320261,"DEG.GO.terms"
"378","nitrogen compound metabolic process","GO:0006807","GO:0051246",0.0466,0.9913705,3,92,"regulation of protein metabolic process","BP","Pver_novel_model_340_5de57afd",0.0486584967320261,"DEG.GO.terms"
"379","heat shock protein binding","GO:0031072","GO:0051879",0.00907,0.999111,3,48,"Hsp90 protein binding","MF","Pver_g264",0.0333716084615385,"DEG.GO.terms"
"380","heat shock protein binding","GO:0031072","GO:0051879",0.00907,0.999111,3,48,"Hsp90 protein binding","MF","Pver_g1819",0.0333716084615385,"DEG.GO.terms"
"381","heat shock protein binding","GO:0031072","GO:0051879",0.00907,0.999111,3,48,"Hsp90 protein binding","MF","Pver_g2650",0.0333716084615385,"DEG.GO.terms"
"382","heat shock protein binding","GO:0031072","GO:0051879",0.00907,0.999111,3,48,"Hsp90 protein binding","MF","Pver_g2812",0.0333716084615385,"DEG.GO.terms"
"383","heat shock protein binding","GO:0031072","GO:0051879",0.00907,0.999111,3,48,"Hsp90 protein binding","MF","Pver_g2997",0.0333716084615385,"DEG.GO.terms"
"384","heat shock protein binding","GO:0031072","GO:0051879",0.00907,0.999111,3,48,"Hsp90 protein binding","MF","Pver_g4249",0.0333716084615385,"DEG.GO.terms"
"385","heat shock protein binding","GO:0031072","GO:0051879",0.00907,0.999111,3,48,"Hsp90 protein binding","MF","Pver_g4251",0.0333716084615385,"DEG.GO.terms"
"386","heat shock protein binding","GO:0031072","GO:0051879",0.00907,0.999111,3,48,"Hsp90 protein binding","MF","Pver_g4415",0.0333716084615385,"DEG.GO.terms"
"387","heat shock protein binding","GO:0031072","GO:0051879",0.00907,0.999111,3,48,"Hsp90 protein binding","MF","Pver_g4489",0.0333716084615385,"DEG.GO.terms"
"388","heat shock protein binding","GO:0031072","GO:0051879",0.00907,0.999111,3,48,"Hsp90 protein binding","MF","Pver_g5449",0.0333716084615385,"DEG.GO.terms"
"389","heat shock protein binding","GO:0031072","GO:0051879",0.00907,0.999111,3,48,"Hsp90 protein binding","MF","Pver_g7186",0.0333716084615385,"DEG.GO.terms"
"390","heat shock protein binding","GO:0031072","GO:0051879",0.00907,0.999111,3,48,"Hsp90 protein binding","MF","Pver_g7679",0.0333716084615385,"DEG.GO.terms"
"391","heat shock protein binding","GO:0031072","GO:0051879",0.00907,0.999111,3,48,"Hsp90 protein binding","MF","Pver_g7680",0.0333716084615385,"DEG.GO.terms"
"392","heat shock protein binding","GO:0031072","GO:0051879",0.00907,0.999111,3,48,"Hsp90 protein binding","MF","Pver_g8115",0.0333716084615385,"DEG.GO.terms"
"393","heat shock protein binding","GO:0031072","GO:0051879",0.00907,0.999111,3,48,"Hsp90 protein binding","MF","Pver_g8247",0.0333716084615385,"DEG.GO.terms"
"394","heat shock protein binding","GO:0031072","GO:0051879",0.00907,0.999111,3,48,"Hsp90 protein binding","MF","Pver_g8814",0.0333716084615385,"DEG.GO.terms"
"395","heat shock protein binding","GO:0031072","GO:0051879",0.00907,0.999111,3,48,"Hsp90 protein binding","MF","Pver_g8888",0.0333716084615385,"DEG.GO.terms"
"396","heat shock protein binding","GO:0031072","GO:0051879",0.00907,0.999111,3,48,"Hsp90 protein binding","MF","Pver_g9366",0.0333716084615385,"DEG.GO.terms"
"397","heat shock protein binding","GO:0031072","GO:0051879",0.00907,0.999111,3,48,"Hsp90 protein binding","MF","Pver_g10004",0.0333716084615385,"DEG.GO.terms"
"398","heat shock protein binding","GO:0031072","GO:0051879",0.00907,0.999111,3,48,"Hsp90 protein binding","MF","Pver_g10640",0.0333716084615385,"DEG.GO.terms"
"399","heat shock protein binding","GO:0031072","GO:0051879",0.00907,0.999111,3,48,"Hsp90 protein binding","MF","Pver_g10789",0.0333716084615385,"DEG.GO.terms"
"400","heat shock protein binding","GO:0031072","GO:0051879",0.00907,0.999111,3,48,"Hsp90 protein binding","MF","Pver_g11047",0.0333716084615385,"DEG.GO.terms"
"401","heat shock protein binding","GO:0031072","GO:0051879",0.00907,0.999111,3,48,"Hsp90 protein binding","MF","Pver_g11462",0.0333716084615385,"DEG.GO.terms"
"402","heat shock protein binding","GO:0031072","GO:0051879",0.00907,0.999111,3,48,"Hsp90 protein binding","MF","Pver_g12407",0.0333716084615385,"DEG.GO.terms"
"403","heat shock protein binding","GO:0031072","GO:0051879",0.00907,0.999111,3,48,"Hsp90 protein binding","MF","Pver_g12572",0.0333716084615385,"DEG.GO.terms"
"404","heat shock protein binding","GO:0031072","GO:0051879",0.00907,0.999111,3,48,"Hsp90 protein binding","MF","Pver_g14608",0.0333716084615385,"DEG.GO.terms"
"405","heat shock protein binding","GO:0031072","GO:0051879",0.00907,0.999111,3,48,"Hsp90 protein binding","MF","Pver_g14914",0.0333716084615385,"DEG.GO.terms"
"406","heat shock protein binding","GO:0031072","GO:0051879",0.00907,0.999111,3,48,"Hsp90 protein binding","MF","Pver_g14977",0.0333716084615385,"DEG.GO.terms"
"407","heat shock protein binding","GO:0031072","GO:0051879",0.00907,0.999111,3,48,"Hsp90 protein binding","MF","Pver_g15359",0.0333716084615385,"DEG.GO.terms"
"408","heat shock protein binding","GO:0031072","GO:0051879",0.00907,0.999111,3,48,"Hsp90 protein binding","MF","Pver_g15561",0.0333716084615385,"DEG.GO.terms"
"409","heat shock protein binding","GO:0031072","GO:0051879",0.00907,0.999111,3,48,"Hsp90 protein binding","MF","Pver_g15599",0.0333716084615385,"DEG.GO.terms"
"410","heat shock protein binding","GO:0031072","GO:0051879",0.00907,0.999111,3,48,"Hsp90 protein binding","MF","Pver_g16290",0.0333716084615385,"DEG.GO.terms"
"411","heat shock protein binding","GO:0031072","GO:0051879",0.00907,0.999111,3,48,"Hsp90 protein binding","MF","Pver_g16362",0.0333716084615385,"DEG.GO.terms"
"412","heat shock protein binding","GO:0031072","GO:0051879",0.00907,0.999111,3,48,"Hsp90 protein binding","MF","Pver_g16604",0.0333716084615385,"DEG.GO.terms"
"413","heat shock protein binding","GO:0031072","GO:0051879",0.00907,0.999111,3,48,"Hsp90 protein binding","MF","Pver_g16615",0.0333716084615385,"DEG.GO.terms"
"414","heat shock protein binding","GO:0031072","GO:0051879",0.00907,0.999111,3,48,"Hsp90 protein binding","MF","Pver_g16616",0.0333716084615385,"DEG.GO.terms"
"415","heat shock protein binding","GO:0031072","GO:0051879",0.00907,0.999111,3,48,"Hsp90 protein binding","MF","Pver_g16642",0.0333716084615385,"DEG.GO.terms"
"416","heat shock protein binding","GO:0031072","GO:0051879",0.00907,0.999111,3,48,"Hsp90 protein binding","MF","Pver_g16644",0.0333716084615385,"DEG.GO.terms"
"417","heat shock protein binding","GO:0031072","GO:0051879",0.00907,0.999111,3,48,"Hsp90 protein binding","MF","Pver_g17729",0.0333716084615385,"DEG.GO.terms"
"418","heat shock protein binding","GO:0031072","GO:0051879",0.00907,0.999111,3,48,"Hsp90 protein binding","MF","Pver_g17991",0.0333716084615385,"DEG.GO.terms"
"419","heat shock protein binding","GO:0031072","GO:0051879",0.00907,0.999111,3,48,"Hsp90 protein binding","MF","Pver_g18707",0.0333716084615385,"DEG.GO.terms"
"420","heat shock protein binding","GO:0031072","GO:0051879",0.00907,0.999111,3,48,"Hsp90 protein binding","MF","Pver_g18724",0.0333716084615385,"DEG.GO.terms"
"421","heat shock protein binding","GO:0031072","GO:0051879",0.00907,0.999111,3,48,"Hsp90 protein binding","MF","Pver_g20825",0.0333716084615385,"DEG.GO.terms"
"422","heat shock protein binding","GO:0031072","GO:0051879",0.00907,0.999111,3,48,"Hsp90 protein binding","MF","Pver_g21002",0.0333716084615385,"DEG.GO.terms"
"423","heat shock protein binding","GO:0031072","GO:0051879",0.00907,0.999111,3,48,"Hsp90 protein binding","MF","Pver_g24323",0.0333716084615385,"DEG.GO.terms"
"424","heat shock protein binding","GO:0031072","GO:0051879",0.00907,0.999111,3,48,"Hsp90 protein binding","MF","Pver_g26098",0.0333716084615385,"DEG.GO.terms"
"425","heat shock protein binding","GO:0031072","GO:0051879",0.00907,0.999111,3,48,"Hsp90 protein binding","MF","Pver_g26099",0.0333716084615385,"DEG.GO.terms"
"426","heat shock protein binding","GO:0031072","GO:0051879",0.00907,0.999111,3,48,"Hsp90 protein binding","MF","Pver_g7377",0.0333716084615385,"DEG.GO.terms"
"427","response to nitrogen compound","GO:1901698","GO:0071321",0.0485,0.999045,1,5,"cellular response to cGMP","BP","Pver_g3649",0.0486584967320261,"DEG.GO.terms"
"428","response to nitrogen compound","GO:1901698","GO:0071321",0.0485,0.999045,1,5,"cellular response to cGMP","BP","Pver_g4843",0.0486584967320261,"DEG.GO.terms"
"429","response to nitrogen compound","GO:1901698","GO:0071321",0.0485,0.999045,1,5,"cellular response to cGMP","BP","Pver_g7570",0.0486584967320261,"DEG.GO.terms"
"430","response to nitrogen compound","GO:1901698","GO:0071321",0.0485,0.999045,1,5,"cellular response to cGMP","BP","Pver_g7920",0.0486584967320261,"DEG.GO.terms"
"431","response to nitrogen compound","GO:1901698","GO:0071321",0.0485,0.999045,1,5,"cellular response to cGMP","BP","Pver_g17430",0.0486584967320261,"DEG.GO.terms"
"432","response to nitrogen compound","GO:1901698","GO:0072738",0.00989,1,1,1,"cellular response to diamide","BP","Pver_g16604",0.0333716084615385,"DEG.GO.terms"
"433","response to nitrogen compound","GO:1901698","GO:0097211",0.00989,1,1,1,"cellular response to gonadotropin-releasing hormone","BP","Pver_g7570",0.0333716084615385,"DEG.GO.terms"
"434","nitrogen compound metabolic process","GO:0006807","GO:1902680",0.00988,1,1,1,"positive regulation of RNA biosynthetic process","BP","Pver_g9524",0.0333716084615385,"DEG.GO.terms"
"435","response to nitrogen compound","GO:1901698","GO:1990680",0.00957,1,1,1,"response to melanocyte-stimulating hormone","BP","Pver_g15943",0.0333716084615385,"DEG.GO.terms"
"436","carbohydrate derivative metabolic process","GO:1901135","GO:0010560",0.01968643,0.9999026,1,2,"positive regulation of glycoprotein biosynthetic process","BP","Pver_g13135",0.0375645962732919,"DEG.GO.terms"
"437","carbohydrate derivative metabolic process","GO:1901135","GO:0010560",0.01968643,0.9999026,1,2,"positive regulation of glycoprotein biosynthetic process","BP","Pver_g19246",0.0375645962732919,"DEG.GO.terms"
"438","carbohydrate derivative metabolic process","GO:1901135","GO:0051156",0.03933669,0.99937402,1,5,"glucose 6-phosphate metabolic process","BP","Pver_g542",0.0452298270786517,"DEG.GO.terms"
"439","carbohydrate derivative metabolic process","GO:1901135","GO:0051156",0.03933669,0.99937402,1,5,"glucose 6-phosphate metabolic process","BP","Pver_g849",0.0452298270786517,"DEG.GO.terms"
"440","carbohydrate derivative metabolic process","GO:1901135","GO:0051156",0.03933669,0.99937402,1,5,"glucose 6-phosphate metabolic process","BP","Pver_g15167",0.0452298270786517,"DEG.GO.terms"
"441","carbohydrate derivative metabolic process","GO:1901135","GO:0051156",0.03933669,0.99937402,1,5,"glucose 6-phosphate metabolic process","BP","Pver_g18012",0.0452298270786517,"DEG.GO.terms"
"442","carbohydrate derivative metabolic process","GO:1901135","GO:0051156",0.03933669,0.99937402,1,5,"glucose 6-phosphate metabolic process","BP","Pver_g20305",0.0452298270786517,"DEG.GO.terms"
"443","carbohydrate metabolic process","GO:0005975","GO:0045719",0.04846757,0.99904608,1,5,"negative regulation of glycogen biosynthetic process","BP","Pver_g13135",0.0486584967320261,"DEG.GO.terms"
"444","carbohydrate metabolic process","GO:0005975","GO:0045719",0.04846757,0.99904608,1,5,"negative regulation of glycogen biosynthetic process","BP","Pver_g13168",0.0486584967320261,"DEG.GO.terms"
"445","carbohydrate metabolic process","GO:0005975","GO:0045719",0.04846757,0.99904608,1,5,"negative regulation of glycogen biosynthetic process","BP","Pver_g16993",0.0486584967320261,"DEG.GO.terms"
"446","carbohydrate metabolic process","GO:0005975","GO:0045719",0.04846757,0.99904608,1,5,"negative regulation of glycogen biosynthetic process","BP","Pver_g17604",0.0486584967320261,"DEG.GO.terms"
"447","carbohydrate metabolic process","GO:0005975","GO:0045719",0.04846757,0.99904608,1,5,"negative regulation of glycogen biosynthetic process","BP","Pver_g19246",0.0486584967320261,"DEG.GO.terms"
"448","carbohydrate metabolic process","GO:0005975","GO:0045725",0.0374239,0.99946891,1,4,"positive regulation of glycogen biosynthetic process","BP","Pver_g849",0.0449946240225564,"DEG.GO.terms"
"449","carbohydrate metabolic process","GO:0005975","GO:0045725",0.0374239,0.99946891,1,4,"positive regulation of glycogen biosynthetic process","BP","Pver_g12449",0.0449946240225564,"DEG.GO.terms"
"450","carbohydrate metabolic process","GO:0005975","GO:0045725",0.0374239,0.99946891,1,4,"positive regulation of glycogen biosynthetic process","BP","Pver_g16142",0.0449946240225564,"DEG.GO.terms"
"451","carbohydrate metabolic process","GO:0005975","GO:0045725",0.0374239,0.99946891,1,4,"positive regulation of glycogen biosynthetic process","BP","Pver_g19246",0.0449946240225564,"DEG.GO.terms"
"452","carbohydrate derivative metabolic process","GO:1901135","GO:0009263",0.03602012,0.99678449,2,21,"deoxyribonucleotide biosynthetic process","BP","Pver_g160",0.0425037416,"DMG.GO.terms"
"453","carbohydrate derivative metabolic process","GO:1901135","GO:0009263",0.03602012,0.99678449,2,21,"deoxyribonucleotide biosynthetic process","BP","Pver_g3596",0.0425037416,"DMG.GO.terms"
"454","carbohydrate derivative metabolic process","GO:1901135","GO:0009263",0.03602012,0.99678449,2,21,"deoxyribonucleotide biosynthetic process","BP","Pver_g9191",0.0425037416,"DMG.GO.terms"
"455","carbohydrate derivative metabolic process","GO:1901135","GO:0009263",0.03602012,0.99678449,2,21,"deoxyribonucleotide biosynthetic process","BP","Pver_g11022",0.0425037416,"DMG.GO.terms"
"456","carbohydrate derivative metabolic process","GO:1901135","GO:0009263",0.03602012,0.99678449,2,21,"deoxyribonucleotide biosynthetic process","BP","Pver_g12679",0.0425037416,"DMG.GO.terms"
"457","carbohydrate derivative metabolic process","GO:1901135","GO:0009263",0.03602012,0.99678449,2,21,"deoxyribonucleotide biosynthetic process","BP","Pver_g13356",0.0425037416,"DMG.GO.terms"
"458","carbohydrate derivative metabolic process","GO:1901135","GO:0009263",0.03602012,0.99678449,2,21,"deoxyribonucleotide biosynthetic process","BP","Pver_g18572",0.0425037416,"DMG.GO.terms"
"459","carbohydrate derivative metabolic process","GO:1901135","GO:0009263",0.03602012,0.99678449,2,21,"deoxyribonucleotide biosynthetic process","BP","Pver_g19135",0.0425037416,"DMG.GO.terms"
"460","carbohydrate derivative metabolic process","GO:1901135","GO:0009263",0.03602012,0.99678449,2,21,"deoxyribonucleotide biosynthetic process","BP","Pver_g19578",0.0425037416,"DMG.GO.terms"
"461","carbohydrate derivative metabolic process","GO:1901135","GO:0009263",0.03602012,0.99678449,2,21,"deoxyribonucleotide biosynthetic process","BP","Pver_g20491",0.0425037416,"DMG.GO.terms"
"462","carbohydrate derivative metabolic process","GO:1901135","GO:0009263",0.03602012,0.99678449,2,21,"deoxyribonucleotide biosynthetic process","BP","Pver_g20683",0.0425037416,"DMG.GO.terms"
"463","carbohydrate derivative metabolic process","GO:1901135","GO:0009263",0.03602012,0.99678449,2,21,"deoxyribonucleotide biosynthetic process","BP","Pver_g20897",0.0425037416,"DMG.GO.terms"
"464","carbohydrate derivative metabolic process","GO:1901135","GO:0009263",0.03602012,0.99678449,2,21,"deoxyribonucleotide biosynthetic process","BP","Pver_g21614",0.0425037416,"DMG.GO.terms"
"465","carbohydrate derivative metabolic process","GO:1901135","GO:0009263",0.03602012,0.99678449,2,21,"deoxyribonucleotide biosynthetic process","BP","Pver_g22830",0.0425037416,"DMG.GO.terms"
"466","carbohydrate derivative metabolic process","GO:1901135","GO:0009263",0.03602012,0.99678449,2,21,"deoxyribonucleotide biosynthetic process","BP","Pver_g24513",0.0425037416,"DMG.GO.terms"
"467","carbohydrate derivative metabolic process","GO:1901135","GO:0009263",0.03602012,0.99678449,2,21,"deoxyribonucleotide biosynthetic process","BP","Pver_g24800",0.0425037416,"DMG.GO.terms"
"468","carbohydrate derivative metabolic process","GO:1901135","GO:0009263",0.03602012,0.99678449,2,21,"deoxyribonucleotide biosynthetic process","BP","Pver_g160",0.0425037416,"DMG.GO.terms"
"469","carbohydrate derivative metabolic process","GO:1901135","GO:0009263",0.03602012,0.99678449,2,21,"deoxyribonucleotide biosynthetic process","BP","Pver_g3742",0.0425037416,"DMG.GO.terms"
"470","carbohydrate derivative metabolic process","GO:1901135","GO:0009263",0.03602012,0.99678449,2,21,"deoxyribonucleotide biosynthetic process","BP","Pver_g9191",0.0425037416,"DMG.GO.terms"
"471","carbohydrate derivative metabolic process","GO:1901135","GO:0009263",0.03602012,0.99678449,2,21,"deoxyribonucleotide biosynthetic process","BP","Pver_g12679",0.0425037416,"DMG.GO.terms"
"472","carbohydrate derivative metabolic process","GO:1901135","GO:0009263",0.03602012,0.99678449,2,21,"deoxyribonucleotide biosynthetic process","BP","Pver_g13356",0.0425037416,"DMG.GO.terms"
"473","carbohydrate derivative metabolic process","GO:1901135","GO:0009263",0.03602012,0.99678449,2,21,"deoxyribonucleotide biosynthetic process","BP","Pver_g16999",0.0425037416,"DMG.GO.terms"
"474","carbohydrate derivative metabolic process","GO:1901135","GO:0009263",0.03602012,0.99678449,2,21,"deoxyribonucleotide biosynthetic process","BP","Pver_g19135",0.0425037416,"DMG.GO.terms"
"475","carbohydrate derivative metabolic process","GO:1901135","GO:0009263",0.03602012,0.99678449,2,21,"deoxyribonucleotide biosynthetic process","BP","Pver_g20491",0.0425037416,"DMG.GO.terms"
"476","carbohydrate derivative metabolic process","GO:1901135","GO:0009263",0.03602012,0.99678449,2,21,"deoxyribonucleotide biosynthetic process","BP","Pver_g20683",0.0425037416,"DMG.GO.terms"
"477","carbohydrate derivative metabolic process","GO:1901135","GO:0009263",0.03602012,0.99678449,2,21,"deoxyribonucleotide biosynthetic process","BP","Pver_g21326",0.0425037416,"DMG.GO.terms"
"478","carbohydrate derivative metabolic process","GO:1901135","GO:0009263",0.03602012,0.99678449,2,21,"deoxyribonucleotide biosynthetic process","BP","Pver_g21614",0.0425037416,"DMG.GO.terms"
"479","carbohydrate derivative metabolic process","GO:1901135","GO:0009263",0.03602012,0.99678449,2,21,"deoxyribonucleotide biosynthetic process","BP","Pver_g22830",0.0425037416,"DMG.GO.terms"
"480","carbohydrate derivative metabolic process","GO:1901135","GO:0009263",0.03602012,0.99678449,2,21,"deoxyribonucleotide biosynthetic process","BP","Pver_g24513",0.0425037416,"DMG.GO.terms"
"481","carbohydrate derivative metabolic process","GO:1901135","GO:0009263",0.03602012,0.99678449,2,21,"deoxyribonucleotide biosynthetic process","BP","Pver_g3742",0.0425037416,"DMG.GO.terms"
"482","carbohydrate derivative metabolic process","GO:1901135","GO:0009263",0.03602012,0.99678449,2,21,"deoxyribonucleotide biosynthetic process","BP","Pver_g9191",0.0425037416,"DMG.GO.terms"
"483","carbohydrate derivative metabolic process","GO:1901135","GO:0009263",0.03602012,0.99678449,2,21,"deoxyribonucleotide biosynthetic process","BP","Pver_g12679",0.0425037416,"DMG.GO.terms"
"484","carbohydrate derivative metabolic process","GO:1901135","GO:0009263",0.03602012,0.99678449,2,21,"deoxyribonucleotide biosynthetic process","BP","Pver_g19135",0.0425037416,"DMG.GO.terms"
"485","carbohydrate derivative metabolic process","GO:1901135","GO:0009263",0.03602012,0.99678449,2,21,"deoxyribonucleotide biosynthetic process","BP","Pver_g20491",0.0425037416,"DMG.GO.terms"
"486","carbohydrate derivative metabolic process","GO:1901135","GO:0009263",0.03602012,0.99678449,2,21,"deoxyribonucleotide biosynthetic process","BP","Pver_g20683",0.0425037416,"DMG.GO.terms"
"487","carbohydrate derivative metabolic process","GO:1901135","GO:0009263",0.03602012,0.99678449,2,21,"deoxyribonucleotide biosynthetic process","BP","Pver_g20897",0.0425037416,"DMG.GO.terms"
"488","carbohydrate derivative metabolic process","GO:1901135","GO:0009263",0.03602012,0.99678449,2,21,"deoxyribonucleotide biosynthetic process","BP","Pver_g21326",0.0425037416,"DMG.GO.terms"
"489","carbohydrate derivative metabolic process","GO:1901135","GO:0009263",0.03602012,0.99678449,2,21,"deoxyribonucleotide biosynthetic process","BP","Pver_g21614",0.0425037416,"DMG.GO.terms"
"490","carbohydrate derivative metabolic process","GO:1901135","GO:0009263",0.03602012,0.99678449,2,21,"deoxyribonucleotide biosynthetic process","BP","Pver_g22448",0.0425037416,"DMG.GO.terms"
"491","carbohydrate derivative metabolic process","GO:1901135","GO:0009263",0.03602012,0.99678449,2,21,"deoxyribonucleotide biosynthetic process","BP","Pver_g22830",0.0425037416,"DMG.GO.terms"
"492","carbohydrate derivative metabolic process","GO:1901135","GO:0009263",0.03602012,0.99678449,2,21,"deoxyribonucleotide biosynthetic process","BP","Pver_g8277",0.0425037416,"DMG.GO.terms"
"493","carbohydrate derivative metabolic process","GO:1901135","GO:0009263",0.03602012,0.99678449,2,21,"deoxyribonucleotide biosynthetic process","BP","Pver_g16999",0.0425037416,"DMG.GO.terms"
"494","carbohydrate derivative metabolic process","GO:1901135","GO:0009263",0.03602012,0.99678449,2,21,"deoxyribonucleotide biosynthetic process","BP","Pver_g21326",0.0425037416,"DMG.GO.terms"
"495","carbohydrate derivative metabolic process","GO:1901135","GO:0009263",0.03602012,0.99678449,2,21,"deoxyribonucleotide biosynthetic process","BP","Pver_g22448",0.0425037416,"DMG.GO.terms"
"496","carbohydrate derivative metabolic process","GO:1901135","GO:0030212",0.04370703,0.99927223,1,4,"hyaluronan metabolic process","BP","Pver_g2688",0.0464047116071429,"DMG.GO.terms"
"497","carbohydrate derivative metabolic process","GO:1901135","GO:0030212",0.04370703,0.99927223,1,4,"hyaluronan metabolic process","BP","Pver_g5784",0.0464047116071429,"DMG.GO.terms"
"498","carbohydrate derivative metabolic process","GO:1901135","GO:0030212",0.04370703,0.99927223,1,4,"hyaluronan metabolic process","BP","Pver_g7968",0.0464047116071429,"DMG.GO.terms"
"499","carbohydrate derivative metabolic process","GO:1901135","GO:0030212",0.04370703,0.99927223,1,4,"hyaluronan metabolic process","BP","Pver_g22933",0.0464047116071429,"DMG.GO.terms"
"500","cellular nitrogen compound","GO:0034641","GO:0043604",0.031,0.9996767,1,3,"amide biosynthetic process","BP","Pver_g4448",0.0407904014736842,"DMG.GO.terms"
"501","cellular nitrogen compound","GO:0034641","GO:0043604",0.031,0.9996767,1,3,"amide biosynthetic process","BP","Pver_g4449",0.0407904014736842,"DMG.GO.terms"
"502","cellular nitrogen compound","GO:0034641","GO:0043604",0.031,0.9996767,1,3,"amide biosynthetic process","BP","Pver_g10734",0.0407904014736842,"DMG.GO.terms"
"503","response to stress","GO:0006950","GO:0061408",0.04152939,0.99941581,1,3,"positive regulation of transcription from RNA polymerase II promoter in response to heat stress","BP","Pver_g16604",0.0454506937037037,"DMG.GO.terms"
"504","response to stress","GO:0006950","GO:0061408",0.04152939,0.99941581,1,3,"positive regulation of transcription from RNA polymerase II promoter in response to heat stress","BP","Pver_g17018",0.0454506937037037,"DMG.GO.terms"
"505","response to stress","GO:0006950","GO:0061408",0.04152939,0.99941581,1,3,"positive regulation of transcription from RNA polymerase II promoter in response to heat stress","BP","Pver_g21448",0.0454506937037037,"DMG.GO.terms"
"506","response to nitrogen compound","GO:1901698","GO:0071232",0.0225,0.9998729,1,2,"cellular response to histidine","BP","Pver_g6908",0.0393333333333333,"DMG.GO.terms"
"507","response to nitrogen compound","GO:1901698","GO:0071232",0.0225,0.9998729,1,2,"cellular response to histidine","BP","Pver_g13978",0.0393333333333333,"DMG.GO.terms"
"508","response to nitrogen compound","GO:1901699","GO:0072755",0.0236,0.9998597,1,2,"cellular response to benomyl","BP","Pver_g5138",0.0395724135211268,"DMG.GO.terms"
"509","response to nitrogen compound","GO:1901699","GO:0072755",0.0236,0.9998597,1,2,"cellular response to benomyl","BP","Pver_g13978",0.0395724135211268,"DMG.GO.terms"
"510","response to nutrient levels","GO:0031667","GO:1903833",0.0121,1,1,1,"positive regulation of cellular response to amino acid starvation","BP","Pver_g13978",0.0349632273170732,"DMG.GO.terms"
"511","response to stress","GO:0006950","GO:1990451",0.0121,1,1,1,"cellular stress response to acidic pH","BP","Pver_g13978",0.0349632273170732,"DMG.GO.terms"
